TU_ID,Gene_name,Start,End,Strand,Expression_EP,Expression_SP,Description
0,thrLABC,148,5019,+,3.751242338,1.812288039,thrLABC
1,thrL,148,309,+,4.922400264,14.26068623,thrL
2,talB,8191,9225,+,66.5513903,27.05201863,talB
3,mbiA,10643,11314,+,0.126059118,0.23106437,mbiA
4,mbiA,10644,11314,+,0.126246706,0.231408216,mbiA
5,dnaK-tpke11-dnaJ,12048,15297,+,44.78263494,66.4783429,dnaK-tpke11-dnaJ
6,dnaK-tpke11-dnaJ,12123,15297,+,45.84015938,68.04532492,dnaK-tpke11-dnaJ
7,dnaK-tpke11-dnaJ,12144,15297,+,46.11307352,68.42090298,dnaK-tpke11-dnaJ
8,nhaAR,17317,19619,+,1.860630301,4.120812792,nhaAR
9,nhaAR,17458,19619,+,1.979138535,4.371345572,nhaAR
10,rpsT,20771,21119,-,83.14169415,44.96384656,rpsT
11,rpsT,20771,21209,-,66.23119851,36.04175887,rpsT
12,ribF-ileS-lspA-fkpB-ispH,21383,27278,+,5.400889288,3.618793731,ribF-ileS-lspA-fkpB-ispH
13,ileS-lspA-fkpB-ispH,21833,27278,+,5.442468687,3.586446943,ileS-lspA-fkpB-ispH
14,ileS-lspA-fkpB-ispH,22034,27278,+,5.343511621,3.534211683,ileS-lspA-fkpB-ispH
15,ileS-lspA-fkpB-ispH,22229,27278,+,5.360890564,3.535429711,ileS-lspA-fkpB-ispH
16,lspA-fkpB-ispH,25014,27278,+,3.344683806,2.07381595,lspA-fkpB-ispH
17,dapB,28288,29271,+,3.80222293,1.75818524,dapB
18,dapB,28343,29271,+,4.027085577,1.862163937,dapB
19,carAB,29551,34119,+,0.419129712,0.11354703,carAB
20,carAB,29619,34119,+,0.425460414,0.11526209,carAB
21,carB,30775,34037,+,0.447491568,0.142764533,carB
22,caiF,34218,34694,+,0.474854855,0.716638136,caiF
23,caiTABCDE,34781,42036,-,0.150695591,0.127841092,caiTABCDE
24,fixABCX,42325,45749,+,0.048238538,0.025488071,fixABCX
25,yaaU,45592,47137,+,0.035860523,0.012817133,yaaU
26,folA,49799,50301,+,5.300870155,2.435314501,folA
27,apaGH,50380,52033,-,3.960114603,4.497735311,apaGH
28,rsmA-apaGH,50380,52587,-,5.955241753,4.638181935,rsmA-apaGH
29,lptD,54755,57155,-,14.03949105,14.56141653,lptD
30,lptD,54755,57240,-,13.5596532,14.06803772,lptD
31,lptD-surA-pdxA,52427,57335,-,11.60847216,9.553267169,lptD-surA-pdxA
32,rapA-rluA,59687,63357,-,3.160401359,2.123712697,rapA-rluA
33,rapA,60358,63587,-,3.070954132,2.126558666,rapA
34,polB,63429,65802,-,0.314572466,0.726818541,polB
35,araBAD,65800,70074,-,0.076368771,0.157880004,araBAD
36,araC,70241,71264,+,0.805141384,1.937678548,araC
37,yabI,71271,72114,+,0.898083663,0.889932539,yabI
38,sroA,75516,75607,-,0.592257297,0.206677601,sroA
39,sgrR-sroA-tbpA-thiPQ,72229,77337,-,0.275182674,0.123213724,sgrR-sroA-tbpA-thiPQ
40,sgrST-setA,77367,78798,+,10.87953477,1.382749439,sgrST-setA
41,leuLABCD,78848,83734,-,0.450587599,0.357475946,leuLABCD
42,leuL,83574,83734,-,0.483201645,0.554457047,leuL
43,leuLABCD,78848,84023,-,0.425434071,0.337520268,leuLABCD
44,leuO,84154,85311,+,0.115063499,0.156249748,leuO
45,leuO,84188,85311,+,0.118540973,0.156222054,leuO
46,leuO,84298,85311,+,0.131387778,0.173152523,leuO
47,leuO,84304,85311,+,0.132169073,0.174182171,leuO
48,ilvIH,85420,87847,+,0.717473222,0.240912205,ilvIH
49,ilvIH,85453,87847,+,0.727354948,0.244230278,ilvIH
50,ilvIH,85540,87847,+,0.7547607,0.253432545,ilvIH
51,ilvIH,85600,87847,+,0.77229862,0.260193751,ilvIH
52,cra,87947,89031,+,7.01955563,4.108489034,cra
53,mraZ-rsmH-ftsLI-murEF-mraY-murD-ftsW-murGC-ddlB-ftsQAZ-lpxC,89596,107473,+,6.652581578,7.181882747,mraZ-rsmH-ftsLI-murEF-mraY-murD-ftsW-murGC-ddlB-ftsQAZ-lpxC
54,rsmH-ftsLI-murEF-mraY-murD-ftsW-murGC-ddlB-ftsQAZ-lpxC,90010,107473,+,6.559719663,7.046921515,rsmH-ftsLI-murEF-mraY-murD-ftsW-murGC-ddlB-ftsQAZ-lpxC
55,ftsLI-murEF-mraY-murD-ftsW-murGC-ddlB-ftsQAZ-lpxC,90688,107473,+,6.463091145,7.027211473,ftsLI-murEF-mraY-murD-ftsW-murGC-ddlB-ftsQAZ-lpxC
56,ftsLI-murEF-mraY-murD-ftsW-murGC-ddlB-ftsQAZ-lpxC,91012,107473,+,6.481159267,7.05862292,ftsLI-murEF-mraY-murD-ftsW-murGC-ddlB-ftsQAZ-lpxC
57,ftsQ,102742,103984,+,6.344876418,6.409354864,ftsQ
58,ftsQAZ,102867,106455,+,9.662312223,9.27931494,ftsQAZ
59,ftsAZ,103561,106455,+,10.59136035,10.06510051,ftsAZ
60,ftsZ,104636,106455,+,12.95333248,12.33528386,ftsZ
61,ftsZ,104693,106455,+,13.26463309,12.64351777,ftsZ
62,ftsZ,105045,106455,+,15.23839685,14.35151064,ftsZ
63,lpxC,106508,107543,+,35.36518579,53.42877133,lpxC
64,lpxC,106530,107473,+,38.64690696,58.49173991,lpxC
65,ppdD-hofBC,114522,117704,-,0.259403536,0.199576069,ppdD-hofBC
66,nadC,117752,118662,-,2.929374071,1.384538369,nadC
67,ampDE,118703,120134,+,1.075427328,0.452383475,ampDE
68,aroP,120144,121649,-,0.914248678,0.729629949,aroP
69,aroP,120144,121670,-,0.901683742,0.730093766,aroP
70,pdhR-aceEF-lpd,122034,129393,+,52.30377612,7.955118641,pdhR-aceEF-lpd
71,aceEF,122969,127618,+,46.48990595,8.358006072,aceEF
72,lpd,127717,129393,+,96.89134419,11.08092027,lpd
73,acnB,131519,134271,+,22.97980268,5.523656916,acnB
74,acnB,131564,134211,+,23.888396,5.742601414,acnB
75,yacL,134339,134749,+,9.795839274,8.456534344,yacL
76,yacC-speED,134756,136939,-,14.81680281,7.934267186,yacC-speED
77,cueO,137045,138632,+,0.608105928,1.006295487,cueO
78,gcd,138801,141262,-,1.263185282,0.41574952,gcd
79,gcd,138801,141278,-,1.255032412,0.413066183,gcd
80,hpt,141360,141966,+,11.39293246,5.693919874,hpt
81,can,142008,142702,-,22.47165486,6.312010736,can
82,panD,146314,146744,-,11.4378387,9.764424607,panD
83,panD,146314,146753,-,11.20441342,9.565150635,panD
84,panBC,147944,149629,-,5.134254537,4.122826137,panBC
85,yadV-htrE,152829,156213,-,0.045255199,0.021001478,yadV-htrE
86,yadV-htrE,152829,156223,-,0.045121939,0.020939636,yadV-htrE
87,yadV-htrE,152829,156234,-,0.044976256,0.020872029,yadV-htrE
88,pcnB-folK,157253,159150,-,7.355253313,2.510230156,pcnB-folK
89,pcnB-folK,157253,159170,-,7.278596165,2.491299862,pcnB-folK
90,pcnB-folK,157253,159194,-,7.197889876,2.465231727,pcnB-folK
91,pcnB-folK,157253,159390,-,6.642158787,2.273752296,pcnB-folK
92,dksA-gluQ,159186,160656,-,20.561284,9.468942104,dksA-gluQ
93,dksA-gluQ,159186,160721,-,19.70741558,9.093904944,dksA-gluQ
94,dksA-gluQ,159186,160750,-,19.40432099,9.042409178,dksA-gluQ
95,sfsA-dksA,160149,161514,-,25.3908014,15.58175159,sfsA-dksA
96,mrcB,164721,167263,+,1.917403798,0.934549919,mrcB
97,fhuACDB,167442,173443,+,2.623854628,0.670553967,fhuACDB
98,hemL,173602,174901,-,2.65062845,1.09094919,hemL
99,hemL,173602,174920,-,2.612475465,1.082233927,hemL
100,hemL,173602,174940,-,2.573483293,1.066081182,hemL
101,erpA,176561,176953,+,10.08187232,16.58575204,erpA
102,mtn-btuF-yadS,177001,179182,-,4.454036336,3.21135591,mtn-btuF-yadS
103,dgt,179196,180753,+,1.541506694,0.945112901,dgt
104,dgt,179214,180753,+,1.559512613,0.956152506,dgt
105,degP,180845,182307,+,8.78342004,8.010394575,degP
106,cdaR,182447,183619,+,1.601047137,0.77189273,cdaR
107,dapD,185090,185976,-,21.51050765,9.446990471,dapD
108,glnD,185978,188654,-,1.27857977,0.808779569,glnD
109,tff-rpsB-tsf,189712,191737,+,189.8740362,37.12719179,tff-rpsB-tsf
110,pyrH,191812,192579,+,19.49335112,3.720412127,pyrH
111,frr,192814,193497,+,30.89348865,17.33998397,frr
112,ispU,194784,195663,+,10.07309176,3.944317137,ispU
113,ispU,194901,195663,+,11.56032296,4.496122981,ispU
114,rseP,196470,197897,+,12.14075374,5.99284192,rseP
115,bamA-skp-lpxD-fabZ-lpxAB-rnhB-dnaE,197026,208607,+,15.68392934,5.794525784,bamA-skp-lpxD-fabZ-lpxAB-rnhB-dnaE
116,bamA,197821,200359,+,25.39200021,9.632250098,bamA
117,skp-lpxD-fabZ-lpxA,200455,203347,+,30.61024489,10.62666292,skp-lpxD-fabZ-lpxA
118,lpxD,200960,201995,+,27.58336148,11.81382437,lpxD
119,accA,208326,209579,+,14.78374594,4.485172111,accA
120,accA,208411,209579,+,15.07777715,4.578049466,accA
121,yaeP-rof,213678,214186,-,3.692367381,5.314785116,yaeP-rof
122,yaeQ-arfB-nlpE,214280,215978,+,2.724240237,1.990623152,yaeQ-arfB-nlpE
123,proS,217020,218836,-,11.51628647,5.422600569,proS
124,metNIQ,220113,222713,-,4.102849909,1.296196142,metNIQ
125,gmhB,222806,223407,+,5.209313154,3.534171961,gmhB
126,rrsH-ileV-alaV-rrlH-rrfH,223485,228874,+,25252.94626,25519.22378,rrsH-ileV-alaV-rrlH-rrfH
127,rrsH-ileV-alaV-rrlH-rrfH,223593,228874,+,25769.15378,26040.88581,rrsH-ileV-alaV-rrlH-rrfH
128,dkgB,229098,229969,+,1.141403749,1.352055791,dkgB
129,yafDE,231064,232548,+,1.800391363,3.64234384,yafDE
130,dnaQ,235934,236797,+,1.996097576,4.566132667,dnaQ
131,dnaQ,236017,236797,+,2.130969149,5.025311477,dnaQ
132,rnhA,235535,236040,-,2.471662837,2.142026176,rnhA
133,aspV,236913,237066,+,1.341733079,1.487617046,aspV
134,yafV,239419,240215,-,1.39641899,1.664166608,yafV
135,fadE,240859,243405,-,0.240371173,0.49897465,fadE
136,dinJ-yafQ,245961,246614,-,4.14448866,15.80468081,dinJ-yafQ
137,dinB-yafNOP,250880,253160,+,0.484883236,0.447874523,dinB-yafNOP
138,yafNOP,251969,253160,+,0.512313088,0.404174795,yafNOP
139,pepD,254259,255736,-,22.13229349,7.104378195,pepD
140,pepD,254259,255775,-,21.57173343,6.921854645,pepD
141,pepD,254259,255808,-,21.11276038,6.783474948,pepD
142,gpt,255914,256473,+,5.062150679,3.886425929,gpt
143,frsA,256502,257770,+,1.9804261,2.078320012,frsA
144,crl_1,257810,257906,+,5.083459885,5.685426275,crl_1
145,crl_1,257824,257906,+,5.715558707,6.358971362,crl_1
146,phoE,258269,259381,-,180.8511325,0.564821057,phoE
147,thrW,262065,262169,+,6.525888613,28.42678339,thrW
148,ykfBF-yafX-ykfGH-yafW-ykfI,262552,265381,-,1.020414446,1.152538474,ykfBF-yafX-ykfGH-yafW-ykfI
149,ykfBF-yafX-ykfGH-yafW-ykfI,262552,265450,-,0.998337832,1.125116007,ykfBF-yafX-ykfGH-yafW-ykfI
150,yafZ,266408,267249,-,0.274219887,0.269331841,yafZ
151,insN-1I-1O-1,269450,271478,+,1.452125312,0.912458378,insN-1I-1O-1
152,mhpT,374610,375893,+,0.093129457,0.132417846,mhpT
153,tauABCD,384429,387869,+,0.078012947,0.066661692,tauABCD
154,hemB,387977,388977,-,10.34515329,2.275401193,hemB
155,ampH,394354,395542,-,0.873206622,0.373490933,ampH
156,ampH,394354,395586,-,0.842071216,0.360173591,ampH
157,sbmA-yaiW,395777,398189,+,1.063803398,0.796495199,sbmA-yaiW
158,yaiZ,398678,399028,+,0.81327483,0.703237108,yaiZ
159,iraP,400543,400869,+,5.910930939,16.51126103,iraP
160,iraP,400587,400869,+,6.826708972,19.06934373,iraP
161,phoA-psiF,400931,402824,+,67.00108805,3.844350998,phoA-psiF
162,dgcC,402911,404041,+,0.297836991,0.196533866,dgcC
163,proC,404010,404909,-,2.106207102,2.273422827,proC
164,aroL-yaiA-aroM,405504,407328,+,2.796201096,5.027514804,aroL-yaiA-aroM
165,aroL-yaiA-aroM,405579,407328,+,2.905550177,5.242856672,aroL-yaiA-aroM
166,ppnP,407372,407684,+,9.996016114,5.62838742,ppnP
167,ykiA,407798,408173,+,0.86101389,0.258361636,ykiA
168,araJ,410521,411752,-,0.277288098,0.135918878,araJ
169,sbcDC,411831,416200,-,0.874739149,0.545965947,sbcDC
170,phoBR,416325,418407,+,12.43410794,2.665973938,phoBR
171,brnQ-proY,418712,421582,+,1.004024154,1.200855411,brnQ-proY
172,malZ,421719,423731,+,0.626340656,0.268257439,malZ
173,malZ,421719,423776,+,0.615489529,0.269174808,malZ
174,queA,424209,425304,+,2.954096878,1.047027878,queA
175,tgt-yajC,425279,427009,+,16.83896061,6.047984936,tgt-yajC
176,yajC-secDF,426429,429699,+,19.10864657,6.966531735,yajC-secDF
177,tsx,430320,431314,-,54.65878014,13.05820804,tsx
178,tsx,430320,431468,-,47.37113687,11.31763667,tsx
179,nrdR-ribDE-nusB-thiL-pgpA,432201,436330,+,3.667923804,2.559840674,nrdR-ribDE-nusB-thiL-pgpA
180,ribE-nusB-thiL-pgpA,433728,436330,+,4.282364546,2.43632413,ribE-nusB-thiL-pgpA
181,xseB-ispA-dxs-yajO,436385,440596,-,4.181138599,4.55216784,xseB-ispA-dxs-yajO
182,thiI,440692,442220,+,4.14470464,1.379712883,thiI
183,yajQ,443882,444397,+,23.80634184,17.40626672,yajQ
184,yajR,444526,445910,-,0.852980922,0.408724943,yajR
185,cyoABCDE,446039,450876,-,59.32087888,2.218122883,cyoABCDE
186,yajG,452781,453433,-,17.08525401,4.906338439,yajG
187,yajG-ampG,451294,453433,-,6.910015227,1.783918791,yajG-ampG
188,bolA,453573,454088,+,8.938773848,56.8288022,bolA
189,bolA,453658,454088,+,10.67011031,67.94435823,bolA
190,tig,454217,455654,+,121.0295916,16.25680946,tig
191,tig,454346,455654,+,130.3962239,17.61382524,tig
192,clpPX,455801,457978,+,17.05474278,14.69998304,clpPX
193,clpPX,455829,457978,+,17.26809336,14.88708611,clpPX
194,clpPX,455870,457978,+,17.56914104,15.17636124,clpPX
195,clpX-lon,456426,460465,+,15.05833896,10.92491114,clpX-lon
196,lon,458039,460465,+,14.67859981,7.04052216,lon
197,hupB,460529,460965,+,87.99413798,19.22150022,hupB
198,hupB,460529,461001,+,81.38614589,17.78109912,hupB
199,hupB,460556,460965,+,93.77477478,20.48422651,hupB
200,hupB,460556,461001,+,86.30208759,18.85512524,hupB
201,hupB,460619,460965,+,110.7003769,24.16583371,hupB
202,hupB,460619,461001,+,100.4149267,21.92430734,hupB
203,hupB,460666,460965,+,124.6676551,27.09821847,hupB
204,hupB,460666,461001,+,111.4556822,24.23082388,hupB
205,ppiD,461043,463009,+,13.94877974,4.893935706,ppiD
206,ppiD,461062,463009,+,13.95416097,4.904938456,ppiD
207,fadM,463584,464023,+,0.602785095,2.878750748,fadM
208,decR,467576,468064,+,1.533691738,0.463021607,decR
209,glnK-amtB,471780,473524,+,0.245105344,0.309447899,glnK-amtB
210,tesB,473525,474424,-,0.609060254,0.584247664,tesB
211,ylaC,478005,478511,-,6.764910856,4.799867496,ylaC
212,tomB-hha,479314,480017,-,8.000048249,3.256731383,tomB-hha
213,acrB,480478,483908,-,11.32742331,1.727468186,acrB
214,acrAB,480478,484921,-,11.882935,2.190089941,acrAB
215,acrR,484923,485631,+,2.475552222,1.915635676,acrR
216,mscK,485716,489121,+,1.353068294,1.284871736,mscK
217,apt,490534,491186,+,6.759162326,3.655551567,apt
218,dnaX,491280,493246,+,1.58757013,0.953188412,dnaX
219,ybaB-recR,492933,494233,+,10.89591925,4.876223262,ybaB-recR
220,htpG,494041,496217,+,22.92385794,18.58082127,htpG
221,htpG,494299,496252,+,24.89469121,20.38540955,htpG
222,htpG,494308,496252,+,25.00982596,20.47968945,htpG
223,adk,496363,497042,+,33.97383891,10.07264608,adk
224,hemH,497255,498240,+,1.178004518,0.938448653,hemH
225,aes,498169,499274,-,0.310455421,0.330932191,aes
226,ybaL,500786,502518,-,2.387428521,1.635533888,ybaL
227,chiX,506428,506510,+,0.588514502,0.054409587,chiX
228,ybaQ,507415,507782,+,4.994466333,5.822376475,ybaQ
229,copA,508099,510634,-,0.646103744,3.315973937,copA
230,glsA-ybaT,510797,513091,+,0.155800434,14.99371337,glsA-ybaT
231,qmcA-ybbJ,513625,515046,-,1.052515527,2.255674909,qmcA-ybbJ
232,fetAB,515127,516585,+,1.642504719,0.575353978,fetAB
233,ybbN,516649,517713,-,4.55303846,3.831945527,ybbN
234,tesA-ybbO,517564,519172,-,1.610668536,1.950764766,tesA-ybbO
235,allS,530519,531523,-,0.023403722,0.109161332,allS
236,allA,531614,532156,+,0.323325894,0.353327516,allA
237,gcl-hyi-glxR-ybbW-allB-ybbY-glxK,533131,542256,+,0.048412925,0.169099528,gcl-hyi-glxR-ybbW-allB-ybbY-glxK
238,ybbY-glxK,539583,542256,+,0.065863103,0.416709866,ybbY-glxK
239,allDCE,542485,545634,-,0.282149886,0.056792738,allDCE
240,purEK,550750,552364,-,0.65857998,0.15100935,purEK
241,cysS,553800,555218,+,4.35437226,1.643265527,cysS
242,folD-ybcJ,555884,557003,-,3.922459873,1.591975716,folD-ybcJ
243,argU,563926,564021,+,1.008075499,0.533973122,argU
244,nmpC,574981,576092,-,53.95976985,9.094043922,nmpC
245,essD-rrrD-rzpD,576096,577790,+,0.562347923,0.0831007,essD-rrrD-rzpD
246,borD,577823,578143,-,9.056924354,0.159565242,borD
247,appY,582790,583652,+,0.055529227,0.134980733,appY
248,appY,582879,583652,+,0.061906132,0.150481747,appY
249,ompT,583903,584887,-,124.1989684,1.471445051,ompT
250,cusRS,592551,594684,-,0.402054088,0.558818241,cusRS
251,cusCFBA,594796,601079,+,0.126261895,0.059523058,cusCFBA
252,pheP,601152,602631,+,1.110366986,0.499515363,pheP
253,nfsB,603994,604675,-,9.441129831,2.471967792,nfsB
254,hokE,606954,607210,+,0.045962883,0.241536949,hokE
255,fepA-entD,608682,611889,-,0.275164928,0.132163793,fepA-entD
256,fes-ybdZ-entF-fepE,611910,618609,+,0.256657226,0.070018885,fes-ybdZ-entF-fepE
257,fepDGC,618607,621414,-,0.286077264,0.056706818,fepDGC
258,fepDGC,618607,621456,-,0.281862868,0.055871432,fepDGC
259,entS,621476,622772,+,0.20481793,0.05783846,entS
260,entS,621481,622772,+,0.205609956,0.05806212,entS
261,fepB,622777,623949,-,0.442044259,0.262353282,fepB
262,entCEBAH,624054,628935,+,0.407881188,0.153927935,entCEBAH
263,entH,628515,628935,+,0.901008819,0.424028167,entH
264,cstA,629078,631313,+,1.50281599,0.621087657,cstA
265,cstA,629087,631313,+,1.508886611,0.623596539,cstA
266,cstA,629096,631313,+,1.515006476,0.626125772,cstA
267,ybdN,634572,635908,-,0.073894198,0.104490051,ybdN
268,ahpCF,637916,640540,+,46.78014344,50.68943347,ahpCF
269,dsbG,637050,638022,-,2.872695525,2.440616191,dsbG
270,ahpCF,638144,640540,+,50.92740691,55.01397364,ahpCF
271,ahpF,638225,640540,+,44.41076545,46.93923968,ahpF
272,uspG,640662,641125,-,6.130686689,17.75122951,uspG
273,rna,643420,644256,-,5.155012429,3.056121043,rna
274,citCDEFXG,645854,651174,-,0.039012255,0.029704868,citCDEFXG
275,dpiBA,651207,653764,+,0.265154197,0.141962074,dpiBA
276,citCDEFXG,645854,651261,-,0.03838477,0.029227086,citCDEFXG
277,dpiBA,651395,653764,+,0.286178654,0.153218451,dpiBA
278,dcuC,655408,656504,-,0.55960408,0.155360974,dcuC
279,pagP,658070,658660,+,0.404568262,1.103290154,pagP
280,cspE,658691,659044,+,142.3354223,315.6395911,cspE
281,cspE,658794,659044,+,200.3152442,444.2128233,cspE
282,lipA,660795,661844,-,11.19977512,3.756320166,lipA
283,ybeD-lipB,663181,664249,-,4.339997559,9.615206131,ybeD-lipB
284,rsfS-rlmH-mrdAB-rlpA,665646,670615,-,3.872754779,1.659119206,rsfS-rlmH-mrdAB-rlpA
285,ybeL,676537,677043,+,4.984718475,34.82681137,ybeL
286,gltI-sroC-gltJKL,686074,689439,-,3.189997099,2.338554516,gltI-sroC-gltJKL
287,ybeZYX-lnt,690887,695012,-,8.391414499,10.91983685,ybeZYX-lnt
288,metT-leuW-glnUW-metU-glnVX,697936,698706,-,15.80574102,1.948834048,metT-leuW-glnUW-metU-glnVX
289,asnB,699057,700765,-,3.128119114,2.625291233,asnB
290,umpH,701118,701895,-,2.787902387,0.760723901,umpH
291,nagC,701918,703408,-,2.297929082,1.556538128,nagC
292,nagC,701918,703551,-,2.402816767,1.564486454,nagC
293,nagA,703147,704718,-,5.109219158,2.097695841,nagA
294,nagBAC-umpH,701118,705251,-,4.263375073,1.567891206,nagBAC-umpH
295,nagE,705384,707508,+,10.27035805,0.660985806,nagE
296,glnS,707543,709521,+,10.00098446,3.883231808,glnS
297,glnS,707604,709521,+,10.31888965,4.006669609,glnS
298,chiPQ,709780,711659,+,0.766095645,0.10062165,chiPQ
299,fur,711662,712259,-,29.43717653,25.41422666,fur
300,fur,711706,712259,-,31.75942761,27.42904823,fur
301,fur,711662,712266,-,29.09714313,25.12820491,fur
302,fur,711706,712266,-,31.36384755,27.09553768,fur
303,uof-fur,711662,712372,-,25.18221922,22.00345353,uof-fur
304,uof-fur,711706,712372,-,26.83136777,23.45278281,uof-fur
305,fldA-uof-fur,711662,713064,-,17.82990946,16.07895519,fldA-uof-fur
306,fldA-uof-fur,711706,713064,-,18.40206358,16.59915668,fldA-uof-fur
307,ybfE,713149,713482,-,4.129392692,1.087549163,ybfE
308,seqA-pgm,714486,716785,+,11.61278071,5.854879718,seqA-pgm
309,ybfHG,717491,718184,-,0.068498416,0,ybfHG
310,kdpFABC,725951,730392,-,0.025947886,0.038705082,kdpFABC
311,ybgA-phr,740464,742468,+,0.287280674,1.83849882,ybgA-phr
312,ybgA-phr,740524,742468,+,0.296138249,1.888095755,ybgA-phr
313,phr,740965,742468,+,0.266651266,1.375294431,phr
314,ybgI-pxpBCA-nei,744163,748269,+,1.901003695,3.104676983,ybgI-pxpBCA-nei
315,ybgI-pxpBCA-nei,744342,748269,+,1.986079821,3.24258989,ybgI-pxpBCA-nei
316,gltA,754670,756213,-,68.96144092,27.59974822,gltA
317,gltA,754670,756310,-,64.93482864,26.00033501,gltA
318,sdhCDAB-sucABCD,756502,766592,+,25.10223059,8.081513511,sdhCDAB-sucABCD
319,sdhDAB,756948,759993,+,24.92576023,5.90123691,sdhDAB
320,sucABCD,760130,766592,+,23.68958891,8.616700521,sucABCD
321,sucAB,760130,764509,+,21.57806223,7.686681762,sucAB
322,mngAB,767355,772154,+,0.143908795,0.163166465,mngAB
323,mngR,766697,767469,-,1.575946907,0.948835948,mngR
324,cydAB,772714,775724,+,15.37684985,34.3117016,cydAB
325,cydAB,772746,775724,+,15.538049,34.6801494,cydAB
326,cydAB,772757,775724,+,15.59561672,34.80863766,cydAB
327,cydAB,772828,775724,+,15.97109275,35.65825442,cydAB
328,cydAB,772912,775724,+,16.3710878,36.66062637,cydAB
329,lysT-valT-lysW,782058,782461,+,31.68987838,10.24017292,lysT-valT-lysW
330,nadA-pnuC,783605,785428,+,0.634776588,0.959188202,nadA-pnuC
331,aroG,787135,788364,+,9.665207996,8.433347966,aroG
332,gpmA,788387,789175,-,48.2679335,44.79845985,gpmA
333,gpmA,788387,789213,-,46.06000366,42.74811203,gpmA
334,galK,790375,792006,-,1.486634661,1.624628269,galK
335,galETKM,789307,793624,-,1.871821408,1.977957704,galETKM
336,galE,792367,793624,-,0.353861329,0.522404019,galE
337,galE,791856,793624,-,0.410870625,0.503612599,galE
338,galET,791384,793624,-,0.42909927,0.552679873,galET
339,galET,791496,793624,-,0.419713452,0.528083887,galET
340,galETK,790159,793624,-,1.25716089,1.401192753,galETK
341,galETKM,789341,793629,-,1.879928206,1.972721308,galETKM
342,galE,792583,793629,-,0.400919748,0.537092823,galE
343,galET,791527,793629,-,0.424124992,0.519738611,galET
344,galETK,790375,793629,-,0.947606428,1.073913779,galETK
345,galETKM,789341,793720,-,1.849044835,1.939791456,galETKM
346,ybhC,807542,808864,-,3.576891754,0.58352857,ybhC
347,bioA,809512,810835,-,0.500639953,1.457238898,bioA
348,bioBFCD,810846,814490,+,0.193807004,0.267121158,bioBFCD
349,uvrB,814696,817090,+,1.708048246,5.01960179,uvrB
350,uvrB,815006,817090,+,1.950333603,5.677260514,uvrB
351,uvrB,815037,817090,+,1.979754694,5.751701826,uvrB
352,moaABCDE,818371,821290,+,1.119021779,3.094942507,moaABCDE
353,moaABCDE,818458,821290,+,1.151251607,3.189953092,moaABCDE
354,moaBCDE,819521,821290,+,1.087086821,3.474810732,moaBCDE
355,ybhL,821402,822131,+,5.064575844,10.0995797,ybhL
356,ybhQ,826145,826583,+,6.642679851,5.432104892,ybhQ
357,cecR-ybhGFSR,826546,832212,-,0.5052377,0.469386138,cecR-ybhGFSR
358,dinG-ybiB,834617,837753,+,1.323399731,0.8413102,dinG-ybiB
359,ybiI,839734,840027,-,0.223809976,2.103270404,ybiI
360,fiu,840793,843191,-,0.631359833,0.095569361,fiu
361,mcbA,843340,843696,-,0.28786922,13.22793787,mcbA
362,glnQ,847285,848174,-,2.529264328,2.173399722,glnQ
363,glnHPQ,847285,849590,-,3.893279154,6.729143613,glnHPQ
364,glnHPQ,847285,849741,-,3.659001683,6.330802662,glnHPQ
365,dps,849952,850493,-,22.48022149,1989.315265,dps
366,ompX,851753,852552,+,129.2886525,87.52380311,ompX
367,ompX,851963,852552,+,167.5056817,117.3207444,ompX
368,rybA-mntS,854269,854607,-,5.174465346,5.761798014,rybA-mntS
369,mntR-ybiR,854642,856308,+,2.002644523,1.609862728,mntR-ybiR
370,ldtB,856368,857329,-,5.749317464,8.07385318,ldtB
371,ybiT,857491,859098,+,7.183287797,2.496928551,ybiT
372,moeAB,865924,867937,-,0.836721314,0.898336684,moeAB
373,iaaA-gsiABCD,868081,874344,+,0.668465846,1.27473594,iaaA-gsiABCD
374,rimO,878254,879613,-,3.146377455,1.391000654,rimO
375,gstB,881398,882062,-,3.460017022,3.544043474,gstB
376,dacC,882197,883472,+,3.310761455,4.055648095,dacC
377,ybjG,884336,885051,-,2.663180097,0.402033089,ybjG
378,mdfA,885113,886481,+,0.753725692,0.436940341,mdfA
379,mdfA,885193,886481,+,0.800468371,0.464037416,mdfA
380,rybB,889521,889600,-,1.49329154,0.303267455,rybB
381,grxA,892040,892319,-,1.346517636,1.423023984,grxA
382,ybjC-nfsA-rimK-ybjN,892436,894976,+,6.61470166,1.94234787,ybjC-nfsA-rimK-ybjN
383,rimK-ybjN,893420,894976,+,5.302012496,2.107978186,rimK-ybjN
384,potFGHI,895178,899472,+,0.119457173,0.086760262,potFGHI
385,potFGHI,895280,899472,+,0.118012202,0.086651198,potFGHI
386,artJ,901192,902169,-,0.492351471,0.231042311,artJ
387,artPIQM,902239,905312,-,2.435686536,8.174467169,artPIQM
388,artPIQM,902239,905358,-,2.399787279,8.053984794,artPIQM
389,artPIQM,902239,905379,-,2.383747963,8.000154851,artPIQM
390,artPIQM,902239,905386,-,2.378449063,7.982371084,artPIQM
391,ybjQ-amiD,906061,907286,+,1.479242873,1.517401621,ybjQ-amiD
392,ybjP,905496,906066,-,3.087058642,15.16166847,ybjP
393,ltaE-ybjT,908396,910863,-,0.724215186,1.976276806,ltaE-ybjT
394,poxB,910875,912619,-,0.759715579,9.477595089,poxB
395,hcp-hcr,912726,915388,-,0.171883988,0.135022912,hcp-hcr
396,hcp-hcr-poxB,910875,915388,-,0.395207607,3.745941464,hcp-hcr-poxB
397,hcp-hcr,912726,915672,-,0.176108256,0.136690199,hcp-hcr
398,lysO,915502,916438,-,0.484872396,0.158412198,lysO
399,ybjX,919672,920646,-,8.486546284,1.135927336,ybjX
400,cspD,923910,924219,-,13.39756586,163.228234,cspD
401,clpA,924624,927083,+,14.73247345,17.03271182,clpA
402,clpA,924636,927083,+,14.78223131,17.02187232,clpA
403,clpA,924754,927083,+,14.46948467,16.497446,clpA
404,serW,927387,927549,-,0.492672555,0.289632728,serW
405,serW,927387,927586,-,0.672447601,0.358529509,serW
406,infA,927706,928022,-,48.17150081,11.06185039,infA
407,infA,927706,928228,-,29.82684838,6.902285173,infA
408,cydDC,929018,932574,-,1.072509087,1.126829857,cydDC
409,trxB,932563,933621,-,13.57972795,3.269624029,trxB
410,lrp,933872,934632,+,25.03904768,17.48301296,lrp
411,ftsK,934473,938756,+,3.594773774,2.292451813,ftsK
412,ftsK,934682,938756,+,3.366831213,2.087598839,ftsK
413,lolA-rarA,938872,940880,+,3.325609366,1.291468644,lolA-rarA
414,serS,940909,942308,+,18.62436211,12.21506043,serS
415,dmsABC,942367,946439,+,0.378516481,0.410105584,dmsABC
416,dmsABC,942422,946439,+,0.383696478,0.415717877,dmsABC
417,pflA,951845,952697,-,3.231225585,4.984440263,pflA
418,pflB,952751,955122,-,57.5735554,170.4229218,pflB
419,pflB,952751,955184,-,56.3633841,166.5268944,pflB
420,pflB,952751,955284,-,54.65226167,160.8826912,pflB
421,pflB,952751,955394,-,53.14858469,155.5298151,pflB
422,pflB,952751,955468,-,51.78066195,151.4315101,pflB
423,focA-pflB,952751,956036,-,44.33570885,127.8193801,focA-pflB
424,focA-pflB,952751,956046,-,44.20306053,127.4316962,focA-pflB
425,focA-pflB,952751,956357,-,40.39616103,116.4512233,focA-pflB
426,serC,959123,960284,+,6.677435988,6.408339502,serC
427,serC,959139,960284,+,6.770582436,6.481503846,serC
428,serC-aroA,959139,961638,+,5.501006744,4.003342726,serC-aroA
429,cmk-rpsA,962709,965211,+,241.5533869,70.31792758,cmk-rpsA
430,rpsA-ihfB,963261,965655,+,256.0765149,80.41154986,rpsA-ihfB
431,rpsA-ihfB,963403,965655,+,271.7168376,85.23716715,rpsA-ihfB
432,ihfB,965293,965655,+,33.98842876,51.52659671,ihfB
433,ycaR-kdsB,972186,973141,+,4.90328676,3.938418249,ycaR-kdsB
434,ycbJ,973216,974188,+,0.889149601,2.219550573,ycbJ
435,cmoM-mukFEB,974948,982329,+,7.577960934,1.920556674,cmoM-mukFEB
436,ldtD,982475,984437,+,1.342695614,3.124964819,ldtD
437,ycbK-gloC,984567,985840,+,7.200682704,11.20904838,ycbK-gloC
438,aspC,986063,987286,-,12.00447049,6.432210037,aspC
439,ompF,987438,988635,-,210.9897971,3.763300324,ompF
440,asnS,989129,990587,-,14.74406744,9.819255169,asnS
441,pncB,990698,991957,-,4.138026959,2.579075495,pncB
442,pepN,992135,994777,+,10.73848666,5.79901214,pepN
443,ssuEADCB,994821,999106,-,0.076089681,0.089457424,ssuEADCB
444,pyrD,1006276,1007321,+,1.384276511,0.292291659,pyrD
445,rlmL-uup,1009216,1013414,+,4.052922064,1.329995751,rlmL-uup
446,pqiABC,1013203,1017002,+,2.283238583,1.718614591,pqiABC
447,pqiABC,1013210,1017002,+,2.285767906,1.721785466,pqiABC
448,rmf,1017201,1017467,+,6.659514051,2220.620407,rmf
449,fabA,1017496,1018041,-,43.61778996,33.44428279,fabA
450,matP,1020003,1020480,+,2.760725095,1.568737973,matP
451,ompA,1020557,1021730,-,282.0205202,105.8440622,ompA
452,ompA,1020557,1021734,-,281.0637076,105.4849644,ompA
453,sulA,1021954,1022490,-,3.569152377,4.392281787,sulA
454,sxy,1022627,1023310,+,1.105548787,1.323420984,sxy
455,yccFS,1023274,1025908,-,1.252684426,1.095281899,yccFS
456,helD,1025982,1028068,+,1.172043341,1.850597096,helD
457,mgsA,1028101,1028584,-,19.47604628,6.029387213,mgsA
458,yccT,1028655,1029380,-,0.208805482,0.349381259,yccT
459,yccA,1032303,1032986,-,19.44406413,33.42883209,yccA
460,serT,1033095,1033262,-,0,0.508039788,serT
461,serT,1033134,1033262,-,0,0.229424876,serT
462,hyaABCDEF,1033528,1039177,+,0.060696219,8.946252079,hyaABCDEF
463,appCBXA,1039254,1043458,+,0.137002886,2.646033678,appCBXA
464,appA,1042143,1043458,+,0.150415547,2.619340943,appA
465,gfcA,1050983,1052245,-,1.77288642,1.8741822,gfcA
466,torR,1058806,1059527,-,0.466820652,0.565234039,torR
467,torCAD,1059600,1063941,+,0.079898084,0.203096421,torCAD
468,cbpAM,1064094,1065371,-,1.078855507,15.98593633,cbpAM
469,cbpAM,1064094,1065376,-,1.074654357,15.92368579,cbpAM
470,cbpAM,1064094,1065462,-,1.025444018,14.93082952,cbpAM
471,cbpAM,1064094,1065580,-,0.944125205,13.75038985,cbpAM
472,agp,1067103,1068400,+,0.966642886,3.053044162,agp
473,wrbA-yccJ,1068408,1069301,-,6.145771299,75.30894166,wrbA-yccJ
474,rutABCDEFG,1070055,1075569,-,0.035055652,0.065383333,rutABCDEFG
475,rutR,1075657,1076423,+,1.214932807,0.883429895,rutR
476,rutR,1075678,1076423,+,1.249087544,0.908265274,rutR
477,putA,1076464,1080468,-,2.9639186,2.546299458,putA
478,putP,1080712,1082381,+,3.738028034,0.724424754,putP
479,putP,1080723,1082381,+,3.7627981,0.729225159,putP
480,putP,1080729,1082381,+,3.776447911,0.731870474,putP
481,putP,1080754,1082381,+,3.827018857,0.740245722,putP
482,putP,1080835,1082381,+,4.011837317,0.769568958,putP
483,efeU_1U_2,1082851,1083728,+,1.165086311,0.263689762,efeU_1U_2
484,phoH,1086409,1087638,+,2.353694373,1.291104975,phoH
485,phoH,1086482,1087638,+,2.502070615,1.372495876,phoH
486,pgaABCD,1087650,1094066,-,0.460159696,0.116525555,pgaABCD
487,dgcT,1094385,1095777,+,0.280449168,0.107285213,dgcT
488,serX,1098928,1099038,-,0.434763499,0.492528031,serX
489,ycdZ,1101615,1102149,+,25.2321382,20.52795331,ycdZ
490,csgDEFG,1102214,1104697,-,0.221079752,0.315231662,csgDEFG
491,csgDEFG,1102214,1104706,-,0.220281951,0.314094098,csgDEFG
492,csgBAC,1105222,1106655,+,0.134647887,0.140130813,csgBAC
493,ymdA,1108074,1108423,+,0.135211231,0.324941304,ymdA
494,ymdAB-clsC,1108074,1110474,+,0.616868819,1.643564302,ymdAB-clsC
495,ymdAB,1108074,1109051,+,0.726583442,1.54162465,ymdAB
496,ymdB-clsC,1108502,1110474,+,0.72657536,1.942141365,ymdB-clsC
497,ymdB,1108502,1109051,+,1.204838562,2.532116397,ymdB
498,clsC,1108991,1110474,+,0.60183347,1.821104676,clsC
499,opgGH,1111956,1116258,+,7.593530825,4.066448989,opgGH
500,opgGH,1111977,1116258,+,7.630762706,4.086387216,opgGH
501,msyB,1116506,1116911,-,4.213836834,59.26755439,msyB
502,lpxL,1118361,1119407,-,1.263337875,0.448474968,lpxL
503,yceA,1119471,1120557,+,2.758188471,0.532933914,yceA
504,yceJI,1120600,1121769,-,1.166313089,0.846751306,yceJI
505,solA-yceO,1122006,1123307,-,2.793697122,0.892219145,solA-yceO
506,bssS,1123400,1123718,-,8.400330072,19.94632624,bssS
507,bssS,1123400,1123730,-,8.096703684,19.22537469,bssS
508,bssS,1123400,1123756,-,7.508674925,17.82911843,bssS
509,dinI,1123941,1124207,-,2.563769522,0.255038599,dinI
510,pyrC,1124260,1125341,-,1.350408301,0.459711586,pyrC
511,grxB,1126106,1126801,-,7.080961239,86.94431714,grxB
512,rimJ,1128221,1128844,+,3.841326432,2.198846445,rimJ
513,flgMN,1132113,1132863,-,1.123648565,1.093948183,flgMN
514,flgAMN,1132113,1133583,-,1.021410319,0.648167924,flgAMN
515,flgBCDEFGHIJ,1133692,1141010,+,1.212793459,0.080157144,flgBCDEFGHIJ
516,flgKL,1141050,1143684,+,0.411015729,0.455149035,flgKL
517,rne,1143881,1147119,-,11.35082015,4.151795307,rne
518,rne,1143881,1147426,-,11.19033332,4.225827798,rne
519,rne,1143881,1147460,-,11.08907743,4.202193403,rne
520,rne,1143881,1147571,-,10.75889618,4.078330279,rne
521,sraB,1149288,1149450,+,19.98159315,6.826332485,sraB
522,yceD-rpmF,1149348,1150238,+,172.2678019,32.25393989,yceD-rpmF
523,yceD-rpmF,1149490,1150238,+,201.5864388,37.21886783,yceD-rpmF
524,rpmF-plsX-fabHDG,1150037,1154102,+,62.56419593,16.17694059,rpmF-plsX-fabHDG
525,plsX-fabHDG,1150276,1154102,+,44.71314943,13.63530847,plsX-fabHDG
526,fabHDG,1151215,1154102,+,50.66365058,16.31443163,fabHDG
527,acpP-fabF,1154274,1155878,+,89.12658804,32.97649473,acpP-fabF
528,acpP,1154274,1154585,+,280.6265299,128.1992713,acpP
529,ptsG,1160325,1162000,+,25.43781794,13.6533033,ptsG
530,ptsG,1160465,1162000,+,27.70262882,14.80584922,ptsG
531,fhuE,1162024,1164345,-,0.307598818,0.318002668,fhuE
532,ndh,1168691,1170087,+,7.946106152,1.757338218,ndh
533,comR,1170899,1171542,-,1.732121533,2.415341753,comR
534,bhsA,1171718,1172028,+,1.192696475,5.538199501,bhsA
535,bhsA,1171732,1172028,+,1.248729195,5.79838337,bhsA
536,ldtC,1172111,1173115,-,0.587474619,0.76705013,ldtC
537,mfd,1173217,1176690,-,1.622807314,1.767137734,mfd
538,mfd,1173217,1176726,-,1.606167877,1.749018407,mfd
539,pepT,1188522,1189768,+,2.076892506,5.130841482,pepT
540,phoQ,1191015,1192638,-,4.417275673,1.567064521,phoQ
541,phoPQ,1191015,1193181,-,5.870873373,1.993954486,phoPQ
542,phoPQ,1191015,1193189,-,5.84928928,1.986623771,phoPQ
543,phoPQ,1191015,1193206,-,5.806689027,1.973345558,phoPQ
544,hflD-purB,1193315,1195384,-,4.683313274,1.961000086,hflD-purB
545,iraM,1214379,1214788,-,1.062437543,0.341878065,iraM
546,iraM,1214379,1214821,-,0.983472591,0.316468209,iraM
547,bluR,1216027,1216811,-,3.876425554,1.685136214,bluR
548,bluF,1216963,1218204,-,1.255845319,0.706271319,bluF
549,ycgZ-ymgA-ariR-ymgC,1218451,1219694,+,0.261536554,1.325469749,ycgZ-ymgA-ariR-ymgC
550,ycgL,1230308,1230705,+,4.186546154,4.288240339,ycgL
551,hlyE,1232182,1233164,-,0.056176909,0.881727059,hlyE
552,umuDC,1233437,1235152,+,0.26862095,0.29018552,umuDC
553,fadR,1237604,1238396,+,6.208496178,2.597564907,fadR
554,fadR,1237615,1238396,+,6.29571643,2.634056878,fadR
555,ycgB,1238408,1239983,-,0.588355456,17.92766955,ycgB
556,dadAX,1240208,1242647,+,3.877610409,1.392676416,dadAX
557,dadAX,1240224,1242647,+,3.903194643,1.401865209,dadAX
558,dadAX,1240237,1242647,+,3.924231762,1.409420867,dadAX
559,ycgR,1246492,1247254,-,0.255751235,0.123550323,ycgR
560,treA,1248378,1250123,-,0.892638558,1.844178865,treA
561,dhaKLM,1250395,1253642,-,18.36546813,1.42812261,dhaKLM
562,dhaR,1253702,1255683,+,0.92828787,0.386661482,dhaR
563,ychF,1259420,1260580,-,10.10098076,3.886331895,ychF
564,pth-ychF,1259420,1261240,-,7.408553646,3.248745407,pth-ychF
565,ychH,1261437,1261767,+,15.35758397,61.97000268,ychH
566,prs,1263594,1264875,-,23.6916133,16.56635245,prs
567,lolB-ispE-prs,1263594,1266254,-,13.17706904,9.792653477,lolB-ispE-prs
568,hemA,1266282,1267668,+,2.76189811,3.444224257,hemA
569,hemA-prfA-prmC,1266375,1269625,+,2.984720137,2.244439105,hemA-prfA-prmC
570,ychQA-kdsA,1269598,1271765,+,5.521883069,2.566824508,ychQA-kdsA
571,kdsA,1270553,1271765,+,7.795075185,3.415704755,kdsA
572,chaC,1275121,1275900,+,1.234392603,4.086861808,chaC
573,ychO,1276459,1277876,+,1.052380749,1.159433057,ychO
574,narXL,1277878,1280475,-,1.828056914,2.0765713,narXL
575,narK,1280520,1282046,+,0.158755626,2.283178226,narK
576,narK,1280631,1282046,+,0.166946388,2.458745835,narK
577,narGHJI,1282506,1289224,+,0.155292892,3.904819154,narGHJI
578,tyrTV-tpr,1289708,1290363,-,2.338946752,0.657433998,tyrTV-tpr
579,rssAB,1291805,1293953,+,2.590643302,3.501475724,rssAB
580,ychJ,1291373,1291875,-,4.298160879,1.809913284,ychJ
581,rssB,1292919,1293953,+,1.986088427,4.510641111,rssB
582,galU,1294104,1295063,+,11.27029678,2.792631195,galU
583,hns,1295160,1295656,-,168.4435743,59.9652555,hns
584,adhE,1298145,1301007,-,19.40791097,25.20338278,adhE
585,adhE,1298145,1301111,-,18.75840218,24.37516183,adhE
586,oppABCDF,1303921,1309603,+,27.96175561,30.11798072,oppABCDF
587,clsA-yciU,1309657,1311508,-,2.275791438,1.606725538,clsA-yciU
588,yciI,1313405,1313727,-,8.166874829,11.76083497,yciI
589,tonB,1313890,1314681,+,6.282876998,3.147360067,tonB
590,yciCB,1315097,1316533,-,2.533811816,2.121615913,yciCB
591,ompW,1316827,1317493,+,5.701038641,7.326273984,ompW
592,yciE,1317504,1318231,-,0.339620557,2.492024387,yciE
593,yciGFE,1317504,1318927,-,0.241303755,4.450619746,yciGFE
594,yciG,1318621,1318927,-,0.155126955,11.15326139,yciG
595,trpCBA,1319252,1322779,-,0.842484994,0.680036429,trpCBA
596,trpLEDCBA,1319219,1325943,-,0.47011067,0.412754627,trpLEDCBA
597,trpL,1325811,1325943,-,0.089784531,0.361486291,trpL
598,yciVOQ,1326024,1329476,+,2.157682126,1.975419203,yciVOQ
599,sohB,1332120,1333216,+,5.479102857,4.105866511,sohB
600,sohB,1332137,1333216,+,5.559360333,4.170436105,sohB
601,topA,1333625,1336480,+,18.97401867,13.29341869,topA
602,topA,1333654,1336480,+,19.16858958,13.42973734,topA
603,topA,1333684,1336480,+,19.37411413,13.57373023,topA
604,topA,1333719,1336480,+,19.6195336,13.74233562,topA
605,topA,1333816,1336480,+,20.09803057,13.86697477,topA
606,cysB,1336624,1337709,+,5.791520352,3.476857962,cysB
607,ymiA-yciX,1337926,1338293,+,1.95435405,0.856333105,ymiA-yciX
608,acnA,1338260,1341341,+,2.542913293,15.43202266,acnA
609,acnA,1338617,1341341,+,2.744720959,17.39641221,acnA
610,acnA,1338663,1341341,+,2.791831841,17.69500735,acnA
611,ribA,1341348,1342025,-,7.694240068,4.484173687,ribA
612,ribA,1341348,1342069,-,7.225987561,4.211277916,ribA
613,pgpB,1342145,1342929,+,1.176125786,1.399288989,pgpB
614,lapAB,1342971,1344562,+,2.523377774,3.307349256,lapAB
615,lapAB-pyrF-yciH,1342971,1345819,+,2.330442258,2.430626967,lapAB-pyrF-yciH
616,lapAB,1343022,1344562,+,2.595356362,3.401307356,lapAB
617,pyrF-yciH,1344706,1345819,+,2.324433788,1.474465362,pyrF-yciH
618,osmB,1345946,1346204,-,0.832280803,41.40722482,osmB
619,osmB,1345946,1346311,-,0.589626727,29.34937902,osmB
620,yciT,1346433,1347345,-,3.919724109,1.298243542,yciT
621,yciZT,1346433,1347473,-,3.550617191,1.263927297,yciZT
622,pdeR,1347593,1349678,-,1.168428231,2.040312387,pdeR
623,rnb,1349778,1351779,-,7.992199531,3.797070517,rnb
624,rnb,1349778,1351964,-,7.352703836,3.618240878,rnb
625,yciW,1351816,1352967,-,0.332638795,2.501072638,yciW
626,fabI,1353087,1353953,-,29.13424644,27.65343244,fabI
627,fabI,1353087,1353956,-,29.03389887,27.55818526,fabI
628,puuP,1360638,1362208,-,0.202679465,0.150308309,puuP
629,puuAP,1360638,1363803,-,0.194272141,0.145318726,puuAP
630,puuDRCBE,1363888,1369650,+,0.318508127,0.203454337,puuDRCBE
631,puuCBE,1365564,1369650,+,0.063010652,0.036945456,puuCBE
632,pspF,1369654,1370764,-,0.796100582,0.28688025,pspF
633,pspF,1369654,1370780,-,0.784808375,0.282811026,pspF
634,pspABCDE,1370874,1372838,+,3.006932077,7.483769484,pspABCDE
635,pspF,1369654,1370875,-,0.734290008,0.275926912,pspF
636,ycjXF-tyrR,1386905,1391096,+,1.804001243,1.322857474,ycjXF-tyrR
637,tyrR,1389528,1391136,+,4.061894423,1.76574745,tyrR
638,tpx,1391141,1391679,-,57.21311581,22.74026118,tpx
639,ycjG,1391710,1392730,+,2.174739507,3.074573188,ycjG
640,ycjY,1393769,1394907,-,0.213634999,0.772600469,ycjY
641,ycjY-ymjDC-mpaA,1392706,1394907,-,0.720555175,1.150716438,ycjY-ymjDC-mpaA
642,ynaI,1397727,1398808,-,0.762327677,0.557211341,ynaI
643,uspE,1400508,1401494,-,12.01216078,26.846583,uspE
644,fnr,1401610,1402387,-,19.52101749,20.42479364,fnr
645,ogt,1402557,1403119,-,0.872369235,0.949188335,ogt
646,mcaS,1408495,1408586,-,0.384660447,0.149219031,mcaS
647,zntB,1410860,1411868,+,1.946305898,2.482471887,zntB
648,fnrS,1411965,1412084,+,0.603135229,2.092213958,fnrS
649,ralA,1416392,1416559,+,0.069146276,0,ralA
650,uspF,1438021,1438476,-,6.902342481,35.08787375,uspF
651,ompN,1438596,1439848,-,0.082911954,0.027010868,ompN
652,micC,1439957,1440064,+,0.053604223,0.349630512,micC
653,ydbK,1440096,1443666,-,2.862126745,5.722030225,ydbK
654,ydbK-ompN,1438596,1443666,-,2.037328704,4.036467585,ydbK-ompN
655,ydbK-ompN,1438596,1443681,-,2.031321247,4.025615734,ydbK-ompN
656,ydbJ,1443865,1444159,+,5.13962192,9.814391371,ydbJ
657,hslJ,1444157,1444615,-,3.413841319,6.232289275,hslJ
658,ldhA,1444690,1445750,-,2.641344602,4.985549056,ldhA
659,feaR,1449214,1450144,-,0.637819699,0.997641399,feaR
660,feaR,1449214,1450184,-,0.611571975,0.956586197,feaR
661,feaR,1449214,1450202,-,0.606354364,0.939193721,feaR
662,feaB,1450206,1451898,+,0.417311597,0.6291238,feaB
663,feaR,1449214,1450229,-,0.59025646,0.914259375,feaR
664,feaB,1450328,1451853,+,0.459124417,0.697927778,feaB
665,tynA,1451912,1454244,-,0.096614057,0.16426536,tynA
666,paaZ,1454433,1456505,-,0.040202421,0.045885096,paaZ
667,paaABCDEFGHIJK,1456701,1466273,+,0.308688832,0.148879017,paaABCDEFGHIJK
668,paaXY,1466345,1467896,+,1.277658029,1.699841463,paaXY
669,ydbD,1477902,1480285,+,0.058075741,0.062306985,ydbD
670,ynbABCD,1480433,1485036,+,0.081454749,0.098902989,ynbABCD
671,azoR,1485091,1485739,-,1.705579579,0.983396595,azoR
672,aldA,1491026,1492506,+,66.0274635,20.72495913,aldA
673,rydC,1494279,1494341,-,12.75520312,4.316768413,rydC
674,sokB,1494955,1495009,+,1.700682934,1.921065216,sokB
675,trg,1495275,1496945,+,0.566618738,0.18063784,trg
676,ydcI,1496984,1497969,-,5.806057021,1.282059901,ydcI
677,rimL,1501579,1502312,+,1.536586666,3.831603126,rimL
678,tehAB,1503372,1504990,+,1.893794678,1.189017395,tehAB
679,sutR,1508986,1509543,+,0.915509747,0.388876423,sutR
680,hicAB,1512057,1512759,+,0.767808319,1.314069326,hicAB
681,ydcR,1512814,1514244,+,1.248659046,0.716923253,ydcR
682,ydcSTUV-patD,1514435,1519837,+,0.193410414,2.269790293,ydcSTUV-patD
683,yncE,1526063,1527203,+,4.374055133,0.973154695,yncE
684,ansP,1527317,1528846,-,0.733573577,0.09255422,ansP
685,ansP,1527317,1528855,-,0.729286459,0.092013319,ansP
686,yncG,1529064,1529699,+,0.113674034,2.13853763,yncG
687,narWV,1538773,1541522,-,0.045508634,0.608548279,narWV
688,narU,1545508,1546959,-,0.025232199,0.538659348,narU
689,narU,1545508,1546998,-,0.024572644,0.524579111,narU
690,yddG,1549124,1550040,-,0.672906983,0.192967508,yddG
691,fdnGHI,1550208,1554826,+,0.605539092,0.368699806,fdnGHI
692,sra,1558662,1558881,-,5.306886879,344.3250312,sra
693,bdm-sra,1558662,1559175,-,2.277324272,147.8529535,bdm-sra
694,osmC,1559432,1559891,+,2.7609457,75.2734607,osmC
695,osmC,1559442,1559891,+,2.822164009,76.94249531,osmC
696,ddpXABCDF,1559948,1565942,-,0.135868555,0.587575751,ddpXABCDF
697,ddpXABCDF,1559948,1566036,-,0.134730824,0.579256915,ddpXABCDF
698,ddpXABCDF,1559948,1566084,-,0.13367721,0.574727046,ddpXABCDF
699,gadBC,1571740,1574907,-,0.446554648,233.4568741,gadBC
700,ydeNM,1582469,1585389,-,0.278008539,0.032332486,ydeNM
701,safA-ydeO,1585762,1586863,-,0.005790042,0.022346093,safA-ydeO
702,ydeP,1587043,1589499,-,0.153196537,0.147035669,ydeP
703,hipBA,1593690,1595317,-,1.041661477,0.951425907,hipBA
704,lsrRK,1601453,1604092,-,0.661383004,1.198246809,lsrRK
705,lsrACDBFG-tam,1604296,1610939,+,0.146054018,0.845057552,lsrACDBFG-tam
706,tam,1610057,1610939,+,0.566666622,4.679036753,tam
707,uxaB,1612065,1613555,-,0.547375221,0.455601461,uxaB
708,ydeA,1619791,1621053,+,0.267670056,0.251015956,ydeA
709,marC,1621079,1621776,-,1.14437336,2.430948576,marC
710,marRAB,1621929,1623042,+,3.469548244,0.992414429,marRAB
711,mgtS,1625424,1625634,+,23.25267344,6.010023745,mgtS
712,mgrR,1625653,1625749,-,2.345216419,1.474093575,mgrR
713,dgcZ,1625796,1626714,-,0.703358879,1.70602023,dgcZ
714,ydeI,1626941,1627394,-,0.389662329,4.270342709,ydeI
715,ydeJ,1627524,1628126,+,0.202631017,1.279599542,ydeJ
716,ydfG,1630327,1631098,+,6.199268102,4.144997297,ydfG
717,ydfH,1631162,1631873,+,4.085789581,3.36076098,ydfH
718,ydfK,1635559,1636140,+,0.721007882,0.631173261,ydfK
719,nohA-ydfN-tfaQ,1637146,1639438,-,0.069754499,0.081692262,nohA-ydfN-tfaQ
720,gnsB,1640445,1640681,-,4.715391709,2.791445825,gnsB
721,cspI,1641291,1641547,-,0.182512748,0.356494623,cspI
722,cspI,1641291,1641647,-,0.131531533,0.25691512,cspI
723,relBE-hokD,1647870,1648738,-,4.03071271,8.582630941,relBE-hokD
724,flxA,1649224,1649572,+,0.052621554,0.127073844,flxA
725,dicC-ydfXW,1650010,1650711,-,0.197201212,0.087425625,dicC-ydfXW
726,ydfABC,1651274,1651876,+,0.519419105,0.329953645,ydfABC
727,dicB-ydfDE-insD-7-intQ,1652433,1655543,+,0.34533202,0.201486217,dicB-ydfDE-insD-7-intQ
728,ynfB-speG,1658545,1659579,+,8.332588845,1.953558313,ynfB-speG
729,ynfEFGH-dmsD,1660839,1667955,+,0.674359564,0.506620431,ynfEFGH-dmsD
730,mlc-ynfK,1669360,1671426,-,6.175068749,4.241330473,mlc-ynfK
731,mlc,1670180,1671438,-,7.311762013,2.770406726,mlc
732,ynfM,1672508,1673787,+,0.607349336,3.708111513,ynfM
733,asr,1674163,1674555,+,0.1981739,1.345761061,asr
734,mdtJI,1675656,1676614,-,0.910013126,0.345147629,mdtJI
735,tqsA,1676726,1677782,+,0.387949713,0.18471247,tqsA
736,pntAB,1677808,1680810,-,13.54786583,2.614381075,pntAB
737,rstAB,1684974,1687018,+,4.629027566,0.782393065,rstAB
738,fumC,1688021,1689489,-,1.799746695,0.584165181,fumC
739,fumC,1688021,1689544,-,1.734837798,0.563096928,fumC
740,fumA,1689541,1691275,-,5.514983174,1.319352848,fumA
741,fumAC,1688021,1691275,-,3.752960206,0.967174251,fumAC
742,manA,1691387,1692586,+,6.824455785,4.019414056,manA
743,ydgA,1692630,1694195,+,12.7864861,16.25962026,ydgA
744,uidABC,1694422,1698987,-,0.509736484,0.14484483,uidABC
745,uidR,1699298,1699910,-,6.32453988,4.559406346,uidR
746,hdhA,1700109,1700957,-,3.951632169,10.34747376,hdhA
747,malI,1700972,1702063,-,0.948615062,0.169562264,malI
748,malXY,1702149,1704964,+,0.902830585,0.603174828,malXY
749,add,1705038,1706069,+,10.27842421,8.749163402,add
750,blr,1707348,1707511,+,0.403593611,0.37717246,blr
751,ydgK-rsxABCDGE-nth,1708043,1714993,+,2.266369215,0.408921571,ydgK-rsxABCDGE-nth
752,rsxABCDGE-nth,1708591,1714993,+,2.186031481,0.190657759,rsxABCDGE-nth
753,dtpA,1715507,1717106,+,15.71389608,2.368455126,dtpA
754,gstA,1717163,1717817,+,2.916911809,10.77028803,gstA
755,tyrS-pdxY,1717862,1720104,-,10.11504975,4.535243643,tyrS-pdxY
756,tyrS-pdxY,1717862,1720118,-,10.05233465,4.509185216,tyrS-pdxY
757,pdxH-tyrS-pdxY,1717862,1720869,-,8.72173504,3.990383269,pdxH-tyrS-pdxY
758,slyB,1722584,1723178,+,70.22811398,32.03378122,slyB
759,slyB,1722613,1723178,+,73.82002809,33.67219331,slyB
760,ydhIJK,1723834,1726968,+,0.569977943,1.11675462,ydhIJK
761,sodC,1726970,1727514,-,1.750669251,17.55040037,sodC
762,nemRA,1728857,1730591,+,1.46201716,0.514988931,nemRA
763,nemRA-gloA,1728857,1731079,+,4.072534341,1.422305027,nemRA-gloA
764,gloA,1730637,1731079,+,14.68300582,5.110778368,gloA
765,lhr,1731189,1736575,+,0.344209044,0.390548685,lhr
766,grxD,1736590,1736997,-,23.30256222,11.19502041,grxD
767,mepH,1737193,1738085,+,2.05252673,1.163810222,mepH
768,sodB,1738159,1738949,+,39.86337473,88.41794623,sodB
769,purR,1740525,1741704,+,4.856133644,1.107947606,purR
770,cfa,1744037,1745396,+,3.472487708,38.90041438,cfa
771,cfa,1744215,1745396,+,3.478975475,42.61669227,cfa
772,ydhQ,1747707,1749037,-,5.839036513,9.914026998,ydhQ
773,valVW,1749251,1749427,+,0.271618569,0.156392229,valVW
774,ydhYVWXUT,1751583,1757477,-,0.088885709,0.147151099,ydhYVWXUT
775,pykF,1758303,1759945,+,27.27574961,44.894988,pykF
776,pykF,1758436,1759945,+,29.59897047,48.77129619,pykF
777,pykF,1758453,1759945,+,29.85466142,49.29798483,pykF
778,pykF,1758499,1759945,+,30.70354576,50.82961794,pykF
779,lpp,1760132,1760492,+,106.6766807,48.77104427,lpp
780,lpp,1760219,1760492,+,140.3815537,64.18350743,lpp
781,sufABCDSE,1761710,1767253,-,1.66540327,8.924617771,sufABCDSE
782,rprA,1773208,1773311,+,0,0.050891876,rprA
783,ydiP,1781226,1782163,-,0.368604273,0.155315761,ydiP
784,ppsA,1787570,1789996,-,3.015897426,12.84208533,ppsA
785,aroH,1791154,1792345,+,1.859041959,1.477670424,aroH
786,aroH,1791220,1792345,+,1.848770232,1.446732271,aroH
787,ydiU,1792644,1794089,-,4.589413952,1.328267611,ydiU
788,ydiV,1794143,1794922,-,0.676860102,0.36852342,ydiV
789,ihfA,1798052,1798556,-,43.79134534,42.33833121,ihfA
790,pheMST-ihfA,1798052,1802136,-,24.69646769,8.415075961,pheMST-ihfA
791,pheM,1801997,1802136,-,0.601505957,0.408368607,pheM
792,rplT,1802199,1802598,-,287.1595361,113.3703035,rplT
793,rplT-pheM,1801997,1802598,-,191.1041232,75.49539825,rplT-pheM
794,rpmI-rplT,1802199,1803262,-,338.2661804,136.5908453,rpmI-rplT
795,infC-rpmI-rplT,1802199,1803653,-,296.2305684,112.4098303,infC-rpmI-rplT
796,infC,1802932,1804181,-,127.0391767,43.73671594,infC
797,thrS-infC,1802932,1805568,-,83.19299594,29.67898091,thrS-infC
798,thrS-infC-rpmI-rplT-pheMST-ihfA,1798089,1805568,-,81.30285641,30.55894612,thrS-infC-rpmI-rplT-pheMST-ihfA
799,pfkB,1809159,1810134,+,1.409906085,3.274010993,pfkB
800,pfkB,1809187,1810134,+,1.451505,3.370609842,pfkB
801,yniB,1811533,1812098,-,2.61038489,4.920693145,yniB
802,hxpB,1812162,1812883,+,3.212849498,0.942562286,hxpB
803,ydjM,1813006,1813636,+,0.717136916,0.145096255,ydjM
804,tcyP,1813718,1815160,+,0.48230919,2.825868889,tcyP
805,cedA,1816257,1816577,-,1.646510859,1.405088118,cedA
806,katE,1816650,1819117,+,0.443569958,14.54934304,katE
807,chbBCARFG,1819222,1824561,-,0.636504867,0.291669588,chbBCARFG
808,osmE,1824701,1825118,-,8.185909434,52.5191735,osmE
809,nadE,1825138,1826120,+,10.21973966,5.475804904,nadE
810,cho,1826328,1827237,+,0.629154725,0.715626905,cho
811,ves,1827198,1827819,-,0.058570917,0.131453301,ves
812,spy,1827893,1828523,-,1.717121773,10.19962166,spy
813,astCADBE,1828791,1834848,-,0.109295416,0.404007723,astCADBE
814,astCADBE,1828791,1834874,-,0.108828419,0.402281478,astCADBE
815,astCADBE,1828791,1834879,-,0.109698487,0.401951198,astCADBE
816,xthA,1835235,1836069,+,4.137984643,1.543210454,xthA
817,ynjE,1842276,1843609,+,0.57693634,0.815717311,ynjE
818,ynjF,1843619,1844267,-,0.328104509,0.308598853,ynjF
819,ynjH,1844699,1844998,-,0.343040965,0.769768186,ynjH
820,ynjH,1844699,1845023,-,0.336324378,0.725011369,ynjH
821,gdhA,1845144,1846549,+,2.643020711,3.469319712,gdhA
822,ynjI,1846667,1847735,-,0.331813002,0.143708537,ynjI
823,selD-topB,1847768,1850859,-,5.337123928,1.830856991,selD-topB
824,selD-topB,1847773,1850864,-,5.337243828,1.830856991,selD-topB
825,ydjA-selD-topB,1847768,1851535,-,6.359369835,2.314631642,ydjA-selD-topB
826,gapA,1865076,1866601,+,192.0627627,68.3059325,gapA
827,gapA,1865083,1866601,+,192.9395743,68.62049929,gapA
828,msrB,1864852,1865299,-,16.94148321,8.393614221,msrB
829,gapA,1865362,1866601,+,233.2041905,82.65395659,gapA
830,gapA,1865433,1866601,+,247.3558978,87.66970951,gapA
831,gapA-yeaD,1865454,1867569,+,139.7405776,50.16733589,gapA-yeaD
832,gapA,1865571,1866601,+,279.8947268,95.1666266,gapA
833,yeaE,1867618,1868559,-,4.286639554,2.144831949,yeaE
834,mipA,1868562,1869341,-,34.22785084,8.292486451,mipA
835,yeaGH,1869601,1873073,+,0.760475532,32.0674327,yeaGH
836,yeaGH,1869651,1873073,+,0.769823725,32.53570713,yeaGH
837,yeaL,1877159,1877633,+,0.563339726,0.332818524,yeaL
838,nimR,1877591,1878435,-,0.531805323,0.518636807,nimR
839,nimT,1878493,1879689,+,0.410986356,0.207134015,nimT
840,dgcP,1880493,1881575,+,2.242648169,3.183365839,dgcP
841,yeaR-yoaG,1882239,1882829,-,0.10478944,0.071630661,yeaR-yoaG
842,leuE,1882957,1883635,-,1.014947671,0.338865471,leuE
843,rnd,1889700,1890896,-,2.817132446,0.625204193,rnd
844,fadD-sroD,1890853,1892642,-,2.116462216,0.964970415,fadD-sroD
845,yeaY,1892787,1893396,-,3.604101924,2.794635969,yeaY
846,yoaC,1896802,1897267,+,1.656617989,10.15035412,yoaC
847,sdaA,1899645,1901166,+,1.860828763,5.145477925,sdaA
848,yoaE,1902865,1904607,-,1.609725911,3.093991768,yoaE
849,manXYZ,1904769,1907581,+,46.6688004,7.264595859,manXYZ
850,mntP,1908295,1909089,+,1.485774854,0.74785871,mntP
851,yobF-cspC,1910062,1910452,-,106.698013,85.33289355,yobF-cspC
852,yobF-cspC,1910062,1910628,-,73.98698476,62.89095892,yobF-cspC
853,mgrB,1911459,1911627,-,8.607987202,0.330097454,mgrB
854,htpX,1914488,1915453,-,8.242544184,5.68490458,htpX
855,ryeA,1925902,1926149,+,1.978400376,2.280661116,ryeA
856,sdsR,1925940,1926042,-,4.050701928,2.062977896,sdsR
857,pphA,1925149,1926220,-,0.808662971,2.228117765,pphA
858,ptrB,1929615,1931700,-,0.934731891,2.275145664,ptrB
859,yebE,1931884,1932567,-,2.367132709,6.07882865,yebE
860,yebG,1933293,1933600,-,9.472435591,4.296877682,yebG
861,eda,1934921,1935619,-,9.671289966,2.269366378,eda
862,eda,1934921,1935634,-,12.50460619,2.980992918,eda
863,eda,1934921,1935944,-,11.62450069,2.724755296,eda
864,edd-eda,1934921,1937548,-,5.600318344,1.121483644,edd-eda
865,zwf,1937675,1939211,-,20.42425085,4.474074406,zwf
866,pykA,1940330,1941926,+,18.23209655,10.43200037,pykA
867,pykA,1940380,1941926,+,18.77349313,10.75608876,pykA
868,znuCB,1945470,1947034,+,0.954631788,0.613172206,znuCB
869,znuA,1944487,1945496,-,5.054103675,1.842865943,znuA
870,ruvAB,1947109,1948851,-,2.122747698,1.359595129,ruvAB
871,ruvAB,1947055,1948851,-,2.062546386,1.318761904,ruvAB
872,ruvAB,1947109,1948859,-,2.113054786,1.353386932,ruvAB
873,ruvAB,1947055,1948859,-,2.053409968,1.312920213,ruvAB
874,yebB,1948946,1949688,+,0.273367719,0.108442515,yebB
875,yebB,1948980,1949688,+,0.286458568,0.100761156,yebB
876,ruvC,1949651,1950274,-,10.2799097,3.018370442,ruvC
877,yebC-ruvC,1949651,1951020,-,15.2050413,5.023983218,yebC-ruvC
878,nudB-yebC-ruvC,1949651,1951509,-,13.280766,4.827814193,nudB-yebC-ruvC
879,aspS,1951498,1953452,-,11.88387491,6.060455555,aspS
880,aspS,1951498,1953536,-,11.4091136,5.831653598,aspS
881,micL,1961277,1961582,-,1.865466809,12.44973383,micL
882,micL,1961277,1961821,-,1.260315064,7.258406869,micL
883,argS,1962837,1964678,+,7.951056812,3.475298985,argS
884,yecT,1964771,1965295,+,0.116527837,0.046542941,yecT
885,flhBAE,1965416,1969051,-,0.115829805,0.119732757,flhBAE
886,tar-tap-cheRBYZ,1969229,1975551,-,0.069318286,0.063311151,tar-tap-cheRBYZ
887,motAB-cheAW,1975672,1980137,-,0.165115887,0.152789129,motAB-cheAW
888,flhDC,1980102,1981230,-,8.982681985,3.528255437,flhDC
889,flhDC,1980102,1981329,-,8.284033738,3.310881433,flhDC
890,insA-5AB-5B-5,19811,20518,-,1.490569407,2.505417213,insA-5AB-5B-5
891,otsA,1983355,1984909,-,0.779648455,17.43989682,otsA
892,otsBA,1983355,1985700,-,0.757126608,18.42989825,otsBA
893,otsBA,1983355,1985723,-,0.749778966,18.2510427,otsBA
894,araFGH,1985813,1989406,-,0.191215908,0.482055513,araFGH
895,araFGH,1985813,1989496,-,0.186545777,0.471522382,araFGH
896,ftnB,1990034,1990686,+,3.07681552,1.210748304,ftnB
897,ftnB,1990058,1990686,+,3.19402754,1.256872049,ftnB
898,azuC,1991132,1991259,-,0.137219257,0.261282748,azuC
899,yecR,1991459,1991803,+,0.244124085,0.137762778,yecR
900,ftnA,1991941,1992471,+,9.694282042,2.035432876,ftnA
901,tyrP,1992761,1994150,+,0.597657763,0.3004926,tyrP
902,tyrP,1992904,1994150,+,0.666139381,0.334924044,tyrP
903,glyW-cysT-leuZ-3'ETS,1995007,1995438,-,7.585631488,3.942628716,glyW-cysT-leuZ-3'ETS
904,uvrC,1996133,1998137,-,6.208624907,3.495630233,uvrC
905,uvrYC,1996133,1998664,-,6.252663984,3.191556268,uvrYC
906,yecF,1998976,1999300,+,3.671128038,0.523525849,yecF
907,sdiA,1999369,2000115,-,4.32190567,0.286260427,sdiA
908,sdiA,1999369,2000125,-,4.264888445,0.282483904,sdiA
909,sdsN,2000139,2000315,+,0.44670245,0.077496027,sdsN
910,sdiA,1999369,2000151,-,4.123450818,0.273115816,sdiA
911,sdiA,1999369,2000155,-,4.102519596,0.271729441,sdiA
912,sdsN,2000165,2000315,+,0.52311208,0.090751927,sdsN
913,sdiA,1999369,2000168,-,4.035936881,0.26731935,sdiA
914,sdiA,1999369,2000175,-,4.000972081,0.265003465,sdiA
915,dcyD-tcyLN,2000321,2002766,-,0.603843499,0.659819985,dcyD-tcyLN
916,tcyJ,2002800,2003668,-,4.689087015,11.62069182,tcyJ
917,fliAZ-tcyJ,2002800,2005066,-,2.312801597,4.563017879,fliAZ-tcyJ
918,fliAZ-tcyJ,2002800,2005077,-,2.301638448,4.540993659,fliAZ-tcyJ
919,fliC,2005369,2006934,-,0.661228845,1.099582677,fliC
920,fliDST,2007076,2009423,+,0.223962573,0.103046066,fliDST
921,amyA,2009374,2010932,+,0.841080349,4.801324997,amyA
922,fliE,2015959,2016294,-,0.289721266,0.013808553,fliE
923,fliE,2015959,2016351,-,0.247807276,0.011810869,fliE
924,fliFGHIJK,2016405,2022771,+,0.240116466,0.034583175,fliFGHIJK
925,fliFGHIJK,2016464,2022771,+,0.242361968,0.034906587,fliFGHIJK
926,fliLMNOPQR,2022843,2026936,+,0.633406119,0.050393729,fliLMNOPQR
927,fliLMNOPQR,2022854,2026936,+,0.632075435,0.050529461,fliLMNOPQR
928,rcsA,2027095,2027849,+,0.192119663,0.180711127,rcsA
929,dsrA,2028486,2028571,-,0.408911169,68.4122027,dsrA
930,rseX,2036908,2036989,+,0,0,rseX
931,hchA,2038889,2039944,+,0.983197548,72.67453748,hchA
932,hchA,2039039,2039944,+,1.138757874,83.76386034,hchA
933,yedX,2042099,2042627,+,0.483194596,0.27194125,yedX
934,zinT,2044605,2045283,+,0.435155949,0.133472702,zinT
935,serU,2046727,2046820,-,2.293436017,0.340264685,serU
936,asnT,2047800,2047882,+,0.797188084,0.688442911,asnT
937,shiA,2056825,2058217,+,1.668730244,0.690873631,shiA
938,amn,2058290,2059773,+,8.087990292,2.60480581,amn
939,asnU,2063104,2063184,+,0.447102252,0.347902213,asnU
940,cbl,2063223,2064199,-,0.380570184,0.673450448,cbl
941,nac,2064275,2065236,-,0.137970853,0.166572206,nac
942,asnV,2047800,2047882,+,0.797188084,0.688442911,asnV
943,cobUST,2066647,2069132,-,1.870754856,0.758190662,cobUST
944,cobUST,2066647,2069230,-,1.804420019,0.74018372,cobUST
945,isrC-flu,2074576,2077916,+,2.154624254,0.23999453,isrC-flu
946,flu,2074733,2077916,+,2.251552448,0.248954759,flu
947,flu,2074762,2077916,+,2.272241618,0.251242366,flu
948,sbmC,2084048,2084561,-,1.925303831,20.77489452,sbmC
949,sbmC,2084048,2084583,-,1.846427324,19.92378152,sbmC
950,sbcB,2085987,2087441,+,3.33720375,2.834490109,sbcB
951,yeeED,2087485,2088810,-,0.420118037,4.315617182,yeeED
952,yefM-yoeB,2092470,2092991,-,8.116860096,7.37158782,yefM-yoeB
953,hisLGDCBHAFI,2093224,2100483,+,0.909071139,1.160326851,hisLGDCBHAFI
954,hisL,2093224,2093398,+,6.836557265,23.26866928,hisL
955,hisBHAFI,2096619,2100483,+,0.975311857,0.645762347,hisBHAFI
956,gnd,2103121,2104582,-,53.50162838,6.234444119,gnd
957,galF,2116693,2117609,-,22.26973115,7.525043968,galF
958,wza-wzb-wzc,2136749,2140451,-,0.019602729,0.04140193,wza-wzb-wzc
959,wza-wzb-wzc-wcaAB,2135326,2140841,-,0.027842117,0.034201157,wza-wzb-wzc-wcaAB
960,yegH,2141122,2142743,+,1.086869129,0.579278057,yegH
961,alkA,2149951,2150817,-,0.187494931,0.319669726,alkA
962,sibA,2156570,2156712,+,0.652374901,1.478532111,sibA
963,sibB,2156905,2157039,+,0.317992289,0.366930658,sibB
964,mdtABCD-baeSR,2157238,2168256,+,0.290706675,0.274531642,mdtABCD-baeSR
965,cyaR,2170373,2170458,+,3.082473061,7.186089788,cyaR
966,yegRZ,2170861,2171607,-,0.032202809,0.06868985,yegRZ
967,gatZABCD,2175092,2178103,-,18.52099708,1.773461146,gatZABCD
968,gatYZABCD,2175092,2178103,-,18.52099708,1.773461146,gatYZABCD
969,fbaB,2181968,2183122,-,0.901212203,36.94316008,fbaB
970,yegTUV,2183237,2186516,+,0.425244428,0.125998406,yegTUV
971,thiMD,2188172,2189906,-,0.773685092,0.416376649,thiMD
972,rcnAB,2190283,2191753,+,2.024176776,0.762495138,rcnAB
973,rcnR,2189980,2190358,-,1.433909234,0.969731637,rcnR
974,metG,2198214,2200821,+,9.134428313,4.106308682,metG
975,mrp,2197449,2198658,-,16.485914,6.030187808,mrp
976,metG,2198725,2200821,+,6.277937232,3.051072165,metG
977,molR_1,2200901,2201753,+,0.085860386,0.023412481,molR_1
978,mlrA,2219296,2220052,+,0.27936553,4.889598,mlrA
979,osmF-yehYXW,2220201,2223978,-,0.290590381,0.913084505,osmF-yehYXW
980,bglX,2224116,2226575,-,1.733480992,0.673468213,bglX
981,dusC,2233894,2234850,-,0.665790936,0.378355126,dusC
982,yohJK,2234965,2236169,+,0.567017803,0.822659468,yohJK
983,cdd,2236275,2237183,+,17.37956722,13.21006741,cdd
984,preTA,2238445,2240955,+,0.723909087,0.484403782,preTA
985,mglAC,2241199,2243846,-,5.449525013,0.092216059,mglAC
986,mglBAC,2241199,2245021,-,9.689799943,0.26244885,mglBAC
987,galS,2245084,2246165,-,0.864142172,0.122730894,galS
988,folE-yeiB,2246266,2248303,-,2.914538729,1.472908218,folE-yeiB
989,cirA,2249234,2251384,-,1.798659667,0.292915089,cirA
990,cirA,2249234,2251397,-,1.787859401,0.291156246,cirA
991,lysP,2251519,2253015,-,3.357120639,3.641324843,lysP
992,nfo,2255262,2256152,+,3.612097143,3.38735258,nfo
993,rihB,2258701,2259707,-,0.012303552,0.020437844,rihB
994,yeiL,2259746,2260469,+,0.07750688,0.026626336,yeiL
995,fruBKA,2264175,2268052,-,2.045151636,1.0053075,fruBKA
996,yeiW,2269497,2269785,-,0.790822572,0.649413545,yeiW
997,yeiP,2269873,2270477,+,11.67768132,1.904709605,yeiP
998,mepS,2274267,2275000,+,31.941802,6.114521889,mepS
999,mepS,2274376,2275000,+,37.48488618,7.179191036,mepS
1000,yejG,2282349,2282732,-,19.81719184,2.881156412,yejG
1001,yejG,2282349,2282852,-,15.58997854,2.243636913,yejG
1002,radD,2285078,2286847,+,0.449526868,0.433915794,radD
1003,rplY,2286896,2287291,+,42.58490733,7.098445832,rplY
1004,proL,2290663,2290742,+,0.594758048,0.947134735,proL
1005,yejO,2290846,2293631,-,1.045081085,0.644035804,yejO
1006,narP,2294878,2295602,+,3.720741305,2.468731032,narP
1007,napFDAGHBC-ccmABCDEFGH,2295814,2308029,-,0.267100648,0.237801829,napFDAGHBC-ccmABCDEFGH
1008,napFDAGHBC-ccmABCDEFGH,2295814,2308032,-,0.267035075,0.237743448,napFDAGHBC-ccmABCDEFGH
1009,napFDAGHBC,2302113,2308150,-,0.274130462,0.208406525,napFDAGHBC
1010,yojI,2311428,2313096,-,1.628484055,0.600734181,yojI
1011,alkB,2313147,2313900,-,0.259943656,0.380190132,alkB
1012,ada-alkB,2313147,2314882,-,0.49325609,0.919528985,ada-alkB
1013,ompC,2316066,2317285,-,492.0595165,346.3946319,ompC
1014,ompC,2316066,2317319,-,478.7430627,337.0102355,ompC
1015,ompC,2316066,2317342,-,470.1317579,330.9451061,ompC
1016,micF,2317540,2317631,+,0.906389571,0,micF
1017,rcsDB,2317908,2321282,+,8.159290698,4.741014362,rcsDB
1018,rcsB,2320151,2321282,+,18.20576153,9.724980705,rcsB
1019,rcsB,2320431,2321282,+,21.42935806,11.05320725,rcsB
1020,atoDAEB,2329204,2333084,+,0.042209727,0.05212003,atoDAEB
1021,gyrA,2342585,2345248,-,24.85020556,6.133638282,gyrA
1022,ubiG,2345331,2346080,+,2.150162434,1.467083861,ubiG
1023,nrdAB-yfaE,2350547,2354559,+,5.444753852,1.388963963,nrdAB-yfaE
1024,inaA,2354614,2355290,-,3.655055948,3.117059122,inaA
1025,glpTQ,2355727,2358242,-,25.78608184,0.618703546,glpTQ
1026,glpABC,2358375,2362543,+,4.807863663,0.067699518,glpABC
1027,yfaY,2368223,2369446,-,1.466189705,0.784143196,yfaY
1028,elaB,2386514,2386844,-,8.370068555,110.1611829,elaB
1029,nuoABCEFGHIJKLMN,2395797,2410953,-,19.16944643,4.436832004,nuoABCEFGHIJKLMN
1030,nuoABCEFGHIJKLMN,2395797,2411126,-,19.02070457,4.417107341,nuoABCEFGHIJKLMN
1031,lrhA,2411495,2412447,-,0.805591063,1.205128529,lrhA
1032,alaA,2413976,2415345,+,4.34310507,1.149207497,alaA
1033,yfbR,2415399,2416028,+,1.585263489,1.132069288,yfbR
1034,yfbU-hxpA,2418007,2419161,-,9.290552971,3.954080639,yfbU-hxpA
1035,ackA,2420027,2421239,+,41.75416682,16.76827932,ackA
1036,hisJQMP,2430304,2433404,-,1.470738378,0.811304362,hisJQMP
1037,argT-hisJQMP,2430304,2434416,-,1.604337494,1.239100434,argT-hisJQMP
1038,cvpA-purF-ubiX,2434598,2437337,-,1.163696876,0.967189935,cvpA-purF-ubiX
1039,cvpA-purF-ubiX,2434598,2437367,-,1.159853317,0.961975874,cvpA-purF-ubiX
1040,accD,2439580,2440582,-,23.24288197,7.941558382,accD
1041,usg-truA-dedA,2440650,2443457,-,3.808212442,1.743038308,usg-truA-dedA
1042,pdxB-usg-truA-dedA,2440650,2444451,-,3.70711332,1.830188039,pdxB-usg-truA-dedA
1043,flk,2444480,2445512,+,2.068224528,0.793515921,flk
1044,fabB,2446851,2448208,-,12.20567954,17.83285913,fabB
1045,sixA,2462895,2463566,-,3.988888865,11.25101103,sixA
1046,fadIJ,2463583,2467078,-,1.671761054,0.655553939,fadIJ
1047,yfcZ,2467218,2467546,-,8.223427531,7.708696697,yfcZ
1048,fadL,2467773,2469213,+,12.10997011,1.6760461,fadL
1049,mlaA,2470820,2471702,-,7.353929279,3.615315701,mlaA
1050,argW,2472876,2472950,+,0.079152153,0.12246006,argW
1051,intS,2473083,2474269,+,1.341581119,0.248209659,intS
1052,dsdC,2483262,2484313,-,0.76284582,0.226673754,dsdC
1053,dsdXA,2484389,2487097,+,7.635642022,0.211492689,dsdXA
1054,dsdA,2485689,2487097,+,12.24650814,0.348227341,dsdA
1055,emrKY,2487206,2490015,-,0.079639466,0.031894659,emrKY
1056,evgAS,2490199,2494534,+,1.726928135,0.7951502,evgAS
1057,evgAS,2490209,2494534,+,1.730919187,0.796987847,evgAS
1058,frc,2498572,2500006,-,0.10860925,0.037279651,frc
1059,yfdX-frc-oxc-yfdVE,2494591,2501000,-,0.082569801,0.041708488,yfdX-frc-oxc-yfdVE
1060,lpxP,2502146,2503132,+,5.199281279,1.118530512,lpxP
1061,alaC,2503625,2504966,-,0.593441562,0.602231729,alaC
1062,glk,2514992,2516014,-,9.30983209,1.996246924,glk
1063,glk,2514992,2516028,-,9.184265954,1.978208804,glk
1064,mntH,2518036,2519301,-,1.665961623,1.934460448,mntH
1065,nupC,2519577,2520811,+,12.55319437,6.148361958,nupC
1066,alaWX,2524609,2524820,-,1.089466329,0.572224994,alaWX
1067,yfeCD,2524975,2525772,+,3.75615164,0.598849157,yfeCD
1068,gltX,2525776,2527297,-,14.38730625,5.257936926,gltX
1069,gltX,2525776,2527343,-,13.96549867,5.129165265,gltX
1070,gltX,2525776,2527351,-,13.89465277,5.106096248,gltX
1071,valUXY-lysV,2527492,2527895,+,40.65176143,8.03987851,valUXY-lysV
1072,xapR,2528057,2529072,-,0.48900251,0.320385372,xapR
1073,xapR,2527902,2529072,-,0.563803252,0.290443223,xapR
1074,xapR,2528057,2529130,-,0.462619118,0.303099463,xapR
1075,xapR,2527902,2529130,-,0.537217408,0.276747527,xapR
1076,xapAB,2529266,2531477,-,0.101015173,0.077906739,xapAB
1077,ligA-ypeB,2534509,2536768,-,3.408633379,1.217216007,ligA-ypeB
1078,cysK,2538912,2539991,+,8.097175299,33.33713811,cysK
1079,cysK,2538945,2539991,+,8.352143605,34.38687624,cysK
1080,ptsHI-crr,2540066,2542947,+,130.5574981,53.9772687,ptsHI-crr
1081,ptsHI-crr,2540069,2542947,+,130.6934955,54.03349502,ptsHI-crr
1082,ptsHI-crr,2540075,2542947,+,130.9641199,54.14468065,ptsHI-crr
1083,ptsHI-crr,2540169,2542947,+,135.3838097,55.93590998,ptsHI-crr
1084,ptsHI-crr,2540176,2542947,+,135.7255648,56.07711133,ptsHI-crr
1085,crr,2542048,2542947,+,110.9490347,81.49516348,crr
1086,crr,2542178,2542947,+,116.3488264,89.63864249,crr
1087,yfeKS,2543883,2545050,+,0.835275583,0.653009358,yfeKS
1088,pdxK,2542954,2543886,-,3.036369922,0.752926169,pdxK
1089,cysPUWAM,2545240,2550124,-,0.37204506,2.577550862,cysPUWAM
1090,ucpA,2550400,2551231,-,21.35794628,2.162090804,ucpA
1091,ucpA,2550400,2551238,-,21.17996339,2.144073381,ucpA
1092,murQP,2552301,2554664,+,1.048429114,0.280243352,murQP
1093,murQP,2552309,2554664,+,1.051987635,0.281194538,murQP
1094,murR,2551320,2552360,-,0.450920492,0.202166933,murR
1095,yfeYX,2556214,2557810,-,5.445254599,2.00063209,yfeYX
1096,amiA-hemF,2558809,2560691,+,2.000026862,1.51666822,amiA-hemF
1097,hemF,2559773,2560691,+,1.568162596,1.012528193,hemF
1098,talA-tktB,2578348,2581416,+,1.182128645,42.29686578,talA-tktB
1099,talA-tktB,2578366,2581416,+,1.18910057,42.54632305,talA-tktB
1100,talA,2578386,2579393,+,1.656988134,49.51573982,talA
1101,tktB,2579086,2581416,+,1.078007076,42.981489,tktB
1102,narQ,2585355,2587208,+,0.47551907,0.735932488,narQ
1103,acrD,2587253,2590485,+,0.221251201,0.160377457,acrD
1104,acrD,2587328,2590485,+,0.224599817,0.158345337,acrD
1105,ypfM,2590585,2590747,-,9.956664945,3.354518533,ypfM
1106,dapE-ypfN,2591338,2592739,+,5.492300068,2.226356587,dapE-ypfN
1107,purC,2596683,2597558,-,1.395439455,0.570100025,purC
1108,bamC,2597581,2598791,-,13.5410447,6.815992689,bamC
1109,dapA-bamC,2597581,2599561,-,14.29009026,7.867108506,dapA-bamC
1110,gcvR,2599584,2600255,+,6.829987914,5.895253883,gcvR
1111,gcvR,2599657,2600255,+,7.528981316,6.533343493,gcvR
1112,bcp,2600215,2600725,+,18.9071306,14.59906885,bcp
1113,hyfABCDEFGHIJR-focB,2600949,2614559,+,0.112171761,0.097433644,hyfABCDEFGHIJR-focB
1114,bepA-yfgD,2615804,2617714,+,5.961260625,3.955942493,bepA-yfgD
1115,bepA-yfgD,2615846,2617714,+,6.091933023,4.037046839,bepA-yfgD
1116,upp-uraA,2618649,2620686,-,7.937974897,0.814724324,upp-uraA
1117,purMN,2620931,2622649,+,1.196481086,0.386941105,purMN
1118,ppk-ppx,2622755,2626433,+,3.170791343,4.038175964,ppk-ppx
1119,pdeF,2626473,2628808,-,0.153786632,0.052490885,pdeF
1120,yfgG,2629031,2629258,+,5.644361118,8.1807657,yfgG
1121,guaBA,2630684,2633884,-,11.29106334,7.618010951,guaBA
1122,xseA,2633975,2635379,+,2.399777205,3.055847391,xseA
1123,bamB-der,2635662,2638752,-,12.03678101,5.970000039,bamB-der
1124,yfgM,2638441,2639147,-,20.06235995,8.75743441,yfgM
1125,yfgM,2638441,2639179,-,19.32620353,8.457141175,yfgM
1126,yfgM,2638441,2639210,-,18.9364979,8.301816725,yfgM
1127,hisS,2639079,2640419,-,15.26229557,8.02351435,hisS
1128,yfhM-pbpC,2644791,2652101,-,1.372534428,1.060043777,yfhM-pbpC
1129,mstA,2652169,2653116,+,7.940404582,4.857096676,mstA
1130,hscBA-fdx-iscX,2656284,2659301,-,7.61608355,1.636980555,hscBA-fdx-iscX
1131,iscRSUA,2659341,2661976,-,20.10845487,10.44884675,iscRSUA
1132,csiE,2665179,2666492,+,2.208099546,20.81450397,csiE
1133,hcaR,2667784,2668741,-,2.622270761,1.750143329,hcaR
1134,hcaEFCBD,2668760,2673026,+,0.177048923,0.247223067,hcaEFCBD
1135,glyA,2683853,2685351,-,16.96785853,5.361962728,glyA
1136,hmp,2685575,2686802,+,1.54905167,0.575673815,hmp
1137,glnB,2686848,2687218,-,3.721649701,2.723512271,glnB
1138,glnB,2686848,2687280,-,3.217309015,2.377136905,glnB
1139,glnB,2686848,2687303,-,3.09531062,2.279375375,glnB
1140,glrK,2689449,2690900,-,0.858815693,0.848965847,glrK
1141,glmY,2690935,2691117,-,1.844161411,13.00170195,glmY
1142,purL,2691434,2695366,-,0.284486278,0.117463954,purL
1143,mltF,2695545,2697134,+,0.693547946,0.25523805,mltF
1144,pgpC-tadA,2697132,2698415,-,2.233976087,1.313144147,pgpC-tadA
1145,shoB,2699895,2700068,-,1.860645771,0.936896954,shoB
1146,ohsC,2700296,2700373,+,0.080840719,0.057853232,ohsC
1147,pdxJ-acpS,2700396,2701590,-,7.207801769,2.337694539,pdxJ-acpS
1148,rnc-era,2702259,2704000,-,9.92205304,2.825857846,rnc-era
1149,rnc-era-recO-pdxJ-acpS,2700396,2704000,-,7.972239873,2.292443605,rnc-era-recO-pdxJ-acpS
1150,lepAB,2704113,2706973,-,10.40460933,4.48699373,lepAB
1151,rseABC,2707100,2709409,-,16.78778803,29.81902045,rseABC
1152,rpoE-rseABC,2707100,2709864,-,15.15531852,27.75456752,rpoE-rseABC
1153,rpoE-rseABC,2707100,2709942,-,14.75436006,27.0409473,rpoE-rseABC
1154,rseD-rpoE-rseABC,2707100,2709963,-,14.64621292,26.8427414,rseD-rpoE-rseABC
1155,rseD-rpoE-rseABC,2707100,2710007,-,14.42468203,26.43673225,rseD-rpoE-rseABC
1156,rseD-rpoE-rseABC,2707100,2710116,-,13.91361999,25.48369707,rseD-rpoE-rseABC
1157,nadB,2710135,2711819,+,0.270754371,0.128368026,nadB
1158,rseD-rpoE-rseABC,2707100,2710170,-,13.67100283,25.03574146,rseD-rpoE-rseABC
1159,grcA,2715844,2716283,-,37.76693752,83.79592932,grcA
1160,grcA,2715844,2716300,-,36.36510796,80.68560006,grcA
1161,ung,2716516,2717220,+,6.345919889,1.843558777,ung
1162,trxC,2718453,2718931,+,3.816926827,2.881379129,trxC
1163,patZ,2719709,2722390,+,0.993162719,2.619488452,patZ
1164,rrsG-gltW-rrlG-rrfG,2725847,2731109,-,25498.83129,26340.46405,rrsG-gltW-rrlG-rrfG
1165,rrsG-gltW-rrlG-rrfG,2725847,2731225,-,24949.12696,25772.67024,rrsG-gltW-rrlG-rrfG
1166,clpB,2731378,2733982,-,12.27180994,32.1170392,clpB
1167,ryfD,2733931,2734072,-,4.48157664,2.565817886,ryfD
1168,bamD,2735739,2736660,+,19.78096622,10.08197149,bamD
1169,bamD,2735784,2736660,+,20.76070759,10.54283991,bamD
1170,raiA,2736882,2737272,+,264.5460779,198.6237438,raiA
1171,pheLA,2737357,2738717,+,6.115312566,3.093470774,pheLA
1172,aroF-tyrA,2738690,2740978,-,2.213179483,0.959138465,aroF-tyrA
1173,yfiR-dgcN-yfiB,2741602,2743884,+,1.961095099,0.535066494,yfiR-dgcN-yfiB
1174,rpsP-rimM-trmD-rplS,2743961,2746031,-,262.7296622,65.13266738,rpsP-rimM-trmD-rplS
1175,ffh,2745987,2747630,-,7.075616007,3.568338144,ffh
1176,grpE,2749893,2750524,-,44.56887961,23.50704197,grpE
1177,recN,2751537,2753233,+,1.930954665,0.752106796,recN
1178,bamE,2753264,2753723,+,19.82169976,14.21461849,bamE
1179,ssrA,2755364,2755732,+,1522.94985,7548.019946,ssrA
1180,rnlAB,2765672,2767132,+,3.740308702,6.124617482,rnlAB
1181,rnlA,2765684,2766768,+,4.201234853,7.149387518,rnlA
1182,rnlB,2766485,2767132,+,5.351112202,8.462460328,rnlB
1183,rnlB,2766638,2767132,+,4.921092884,7.223287707,rnlB
1184,ypjB,2783416,2784595,-,0.010041002,0.003869945,ypjB
1185,csiD-lhgO-gabDTP,2788705,2795430,+,0.092310911,2.44209426,csiD-lhgO-gabDTP
1186,gabDTP,2790690,2795430,+,0.066159667,1.546495315,gabDTP
1187,gabDTP,2790950,2795430,+,0.067269046,1.514177567,gabDTP
1188,kbp,2796115,2796591,-,4.096354667,125.648537,kbp
1189,yqaE,2796648,2796862,-,0.7557327,3.754135442,yqaE
1190,yqaE-kbp,2796115,2796862,-,2.83217062,81.26955135,yqaE-kbp
1191,stpA,2797869,2798313,-,3.59925868,0.395264246,stpA
1192,stpA,2797869,2798333,-,3.444784058,0.378300115,stpA
1193,stpA,2797869,2798355,-,3.289486416,0.361245601,stpA
1194,alaE,2798862,2799390,+,0.533791727,4.321121692,alaE
1195,ygaM,2799899,2800252,+,3.749729026,40.83188652,ygaM
1196,ygaC,2799428,2800367,-,1.740786613,15.95239715,ygaC
1197,nrdHIEF,2800434,2804238,+,0.877084724,0.317824724,nrdHIEF
1198,proVWX,2804341,2807901,+,44.76103676,0.511543055,proVWX
1199,proVWX,2804377,2807901,+,45.2180411,0.516765843,proVWX
1200,proVWX,2804533,2807901,+,47.30239778,0.536569434,proVWX
1201,mprA-emrAB,2810525,2813931,+,3.46472475,0.805728865,mprA-emrAB
1202,micA,2814580,2814650,+,11.06877945,45.27160328,micA
1203,luxS,2813996,2814593,-,13.3552796,20.3484608,luxS
1204,luxS,2813996,2814842,-,13.48330263,23.19170702,luxS
1205,serV-argVYZQ,2817562,2818474,-,11.88005138,3.25192282,serV-argVYZQ
1206,csrA,2818739,2818966,-,94.20237641,109.7310513,csrA
1207,csrA,2818739,2818975,-,90.71676067,105.6815217,csrA
1208,csrA,2818739,2819050,-,69.27262413,80.43254476,csrA
1209,csrA,2818739,2819147,-,64.44386165,64.12960952,csrA
1210,csrA,2818739,2819150,-,66.05186409,64.54138034,csrA
1211,alaS,2819159,2821867,-,30.62666981,8.971694598,alaS
1212,recAX,2821917,2823596,-,17.4642906,4.650383307,recAX
1213,recA,2822448,2823596,-,25.27566349,6.760773033,recA
1214,pncC,2823627,2824171,-,3.900482709,1.20912275,pncC
1215,srlAEBD-gutM-srlR-gutQ,2825569,2830555,+,3.018726347,0.286681271,srlAEBD-gutM-srlR-gutQ
1216,srlR,2828638,2829597,+,3.197388306,0.802190154,srlR
1217,norR,2830553,2832084,-,0.307259086,0.202310692,norR
1218,norVW,2832217,2834822,+,0.117006402,0.257904592,norVW
1219,hypF,2834951,2837791,-,0.173845413,0.143644373,hypF
1220,hypF,2834951,2837882,-,0.180639836,0.139187626,hypF
1221,hydN-hypF,2834951,2837909,-,0.178992108,0.13791801,hydN-hypF
1222,ascFB,2839207,2842191,+,0.296823348,0.203177168,ascFB
1223,ascB,2840720,2842191,+,0.371819842,0.25930754,ascB
1224,hycABCDEFGHI,2842255,2850238,-,0.091939715,0.108664805,hycABCDEFGHI
1225,hypABCDE,2850405,2854098,+,0.37999854,0.682917453,hypABCDE
1226,hypABCDE-fhlA,2850405,2856193,+,0.349099946,0.734452569,hypABCDE-fhlA
1227,hypBCDE,2850617,2854098,+,0.403127938,0.724484637,hypBCDE
1228,hypBCDE-fhlA,2850617,2856193,+,0.362367997,0.762366507,hypBCDE-fhlA
1229,ygbA,2856231,2856605,-,0.573540698,0.261105262,ygbA
1230,mutS,2856797,2859431,+,1.476452984,0.589580909,mutS
1231,ygbK,2861975,2863278,+,0.204077311,0.152777838,ygbK
1232,rpoS,2866337,2867344,-,30.86846829,106.2090561,rpoS
1233,rpoS,2866337,2867384,-,29.84149743,102.5775806,rpoS
1234,rpoS,2866337,2867431,-,29.87022713,101.7953835,rpoS
1235,rpoS,2866337,2867501,-,33.58622372,111.585913,rpoS
1236,rpoS,2866337,2867895,-,42.14573351,130.6465607,rpoS
1237,nlpD-rpoS,2866337,2868559,-,30.83837501,92.64214961,nlpD-rpoS
1238,nlpD-rpoS,2866337,2868606,-,30.24796394,90.75324123,nlpD-rpoS
1239,umpG-pcm,2868671,2870463,-,3.439010447,1.105226197,umpG-pcm
1240,cysDNC,2873012,2876145,-,0.195517517,2.328816657,cysDNC
1241,cas2,2878347,2878692,-,0.530560584,0.143332609,cas2
1242,casABCDE12,2878347,2884096,-,0.267744162,0.09397952,casABCDE12
1243,cysJIH,2887356,2891741,-,0.142011048,4.372403284,cysJIH
1244,eno,2906421,2907745,-,96.86282458,67.46059919,eno
1245,eno,2906421,2907795,-,94.55803959,67.24882627,eno
1246,eno,2906421,2907929,-,88.58046133,65.8442837,eno
1247,eno,2906421,2908451,-,70.91079114,53.03230466,eno
1248,eno,2906421,2908479,-,70.02444083,52.32043245,eno
1249,eno,2906421,2908623,-,67.69226023,49.40458553,eno
1250,pyrG-eno,2906421,2909490,-,55.16096349,37.17845161,pyrG-eno
1251,pyrG-eno,2906421,2909494,-,55.0892094,37.13160273,pyrG-eno
1252,pyrG-eno,2906421,2909574,-,53.75696785,36.33370284,pyrG-eno
1253,mazEFG,2909672,2911132,-,4.466528252,3.505597684,mazEFG
1254,mazEFG,2909672,2911145,-,4.443609972,3.480898051,mazEFG
1255,relA,2911195,2913477,-,5.172200152,3.287905641,relA
1256,relA-mazEF,2910534,2913606,-,4.662146573,2.865540847,relA-mazEF
1257,relA-mazEF,2910534,2914054,-,4.373268088,2.620643207,relA-mazEF
1258,relA,2911195,2914095,-,4.492754821,2.760441199,relA
1259,rlmD,2913477,2914820,-,2.528603739,1.533032337,rlmD
1260,csrB,2923944,2924301,-,759.7106042,7224.462579,csrB
1261,queF,2925099,2925973,+,3.962101275,2.774551458,queF
1262,fucAO,2931643,2933631,-,0.541967128,0.250482765,fucAO
1263,fucPIKUR,2933897,2939876,+,0.813887657,0.504361523,fucPIKUR
1264,gcvA,2941428,2942416,-,0.971677545,0.808974353,gcvA
1265,gcvB,2942474,2942677,+,672.3245586,984.2307724,gcvB
1266,metZWV,2947160,2947494,+,6.60964427,0.619023449,metZWV
1267,metZWV,2947160,2947533,+,6.113425533,0.677851716,metZWV
1268,argA,2948934,2950350,+,0.323180392,0.260758599,argA
1269,ptrA,2955774,2958788,-,1.999699802,1.518156756,ptrA
1270,ptrA-recBD,2950413,2958788,-,1.471502803,1.041171656,ptrA-recBD
1271,recC,2958838,2962284,-,1.176497981,0.9240097,recC
1272,ppdAB-ygdB-ppdC-recC,2958838,2963997,-,0.826050843,0.644842043,ppdAB-ygdB-ppdC-recC
1273,thyA,2964098,2965031,-,9.835655332,3.228973422,thyA
1274,lgt-thyA,2964098,2965898,-,6.834059226,2.469437669,lgt-thyA
1275,lgt,2964844,2965898,-,4.993680056,2.04380904,lgt
1276,rppH-ptsP,2965966,2968770,-,6.950102715,3.397697692,rppH-ptsP
1277,omrA,2975880,2975966,-,0.269509634,1.754263894,omrA
1278,omrB,2976082,2976162,-,0.217975457,0.83151452,omrB
1279,galR,2976347,2977407,+,5.371853725,1.100178553,galR
1280,lysR,2978728,2979733,+,0.802379298,0.229569229,lysR
1281,lysA,2977415,2978728,-,0.683875663,0.132410837,lysA
1282,araE,2980542,2981985,-,0.395335791,0.373841826,araE
1283,araE-ygeA,2979721,2981985,-,0.754234697,0.608148577,araE-ygeA
1284,ygeH,2991657,2993247,+,0.011227379,0.029888721,ygeH
1285,glyU,2998762,2998841,-,0.225244947,0.312813649,glyU
1286,xdhABC,3000035,3003745,+,0.139150241,0.22581077,xdhABC
1287,xdhABC,3000043,3003745,+,0.139450782,0.226298482,xdhABC
1288,ygeV,3003786,3005624,-,1.24523993,2.337078231,ygeV
1289,ygfK-ssnA,3015770,3020266,+,0.085919271,0.47010029,ygfK-ssnA
1290,ssnA,3018728,3020299,+,0.056501764,0.352545605,ssnA
1291,dsbC,3037890,3038611,-,9.298997021,4.355760815,dsbC
1292,dsbC-recJ-prfB,3034962,3039410,-,12.67117486,3.96108622,dsbC-recJ-prfB
1293,fldB,3039600,3040153,+,6.155087811,3.514051408,fldB
1294,xerD-dsbC-recJ,3036151,3039628,-,5.285735214,2.059879802,xerD-dsbC-recJ
1295,sdhE-ygfX,3040194,3040876,-,8.510744939,4.529086411,sdhE-ygfX
1296,ygfZ,3041060,3042070,+,3.182513113,2.697489999,ygfZ
1297,gcvTHP,3045904,3050549,-,17.40191301,4.738146312,gcvTHP
1298,ygfB-pepP-ubiHI,3050826,3055250,-,4.771343175,4.22627791,ygfB-pepP-ubiHI
1299,ssrS-fau,3055537,3056566,+,14.66318678,36.13692865,ssrS-fau
1300,ssrS,3055537,3056060,+,26.44948002,69.44565031,ssrS
1301,ssrS-fau,3055752,3056566,+,14.09552612,30.75584868,ssrS-fau
1302,ssrS,3055752,3056060,+,33.12961533,78.38246935,ssrS
1303,sibC,3056629,3056768,+,1.421951046,1.022779712,sibC
1304,serA,3056956,3058233,-,4.747241911,2.647731096,serA
1305,serA,3056956,3058326,-,4.442865857,2.488867947,serA
1306,rpiA,3058422,3059130,-,13.06096275,8.123894325,rpiA
1307,argP,3059508,3060457,+,3.444198076,1.339533402,argP
1308,yggE,3067118,3067903,-,9.734295161,7.803629963,yggE
1309,yggE,3067118,3067962,-,9.062536472,7.271123916,yggE
1310,argO,3067951,3068613,-,0.462123583,0.215733426,argO
1311,mscS,3068725,3069648,-,3.857199942,7.249640566,mscS
1312,pgk,3071209,3072425,-,61.51788874,33.41404891,pgk
1313,pgk-fbaA,3069943,3072425,-,69.14669166,36.66073133,pgk-fbaA
1314,pgk,3071209,3072512,-,58.69372007,32.13915351,pgk
1315,pgk-fbaA,3069943,3072512,-,67.45503629,35.90374966,pgk-fbaA
1316,pgk-fbaA,3069943,3072634,-,64.55264204,34.32087008,pgk-fbaA
1317,pgk,3071209,3072634,-,53.96543197,29.47383187,pgk
1318,epd-pgk,3071209,3073600,-,36.91715208,18.4358655,epd-pgk
1319,epd-pgk-fbaA,3069943,3073600,-,50.60790886,25.82234796,epd-pgk-fbaA
1320,tktA,3079422,3081484,-,46.91466735,10.48753649,tktA
1321,loiP,3081670,3082448,+,4.014490146,8.235140514,loiP
1322,speB,3082655,3083723,-,5.177780738,4.287832794,speB
1323,speAB,3082655,3085825,-,11.53704323,5.011806545,speAB
1324,metK,3086355,3087637,+,11.86206216,0.90389383,metK
1325,galP,3088033,3089455,+,6.312957104,0.139041257,galP
1326,endA,3090053,3090900,+,0.570391821,0.070161827,endA
1327,endA,3090053,3090889,+,0.570258042,0.065529724,endA
1328,endA,3090105,3090900,+,0.607606846,0.074739512,endA
1329,endA,3090105,3090889,+,0.607985037,0.069865024,endA
1330,rdgB-yggW,3096398,3098180,+,2.73532023,0.635010633,rdgB-yggW
1331,ansB,3099432,3100528,-,3.764648993,4.796406817,ansB
1332,ansB,3099432,3100567,-,3.635518552,4.631886267,ansB
1333,yggN,3100682,3101417,-,4.441214035,2.311928857,yggN
1334,yggN,3100682,3101521,-,4.993359039,2.737863651,yggN
1335,yggN,3100682,3101575,-,6.183452293,3.712558379,yggN
1336,mutY-yggX-mltC-nupG,3102689,3106747,+,4.146366433,1.938775484,mutY-yggX-mltC-nupG
1337,mutY-yggX,3102689,3104145,+,4.980841311,2.539893507,mutY-yggX
1338,mutY-yggX-mltC,3102689,3105289,+,3.844235036,1.829828611,mutY-yggX-mltC
1339,mutY-yggX-mltC-nupG,3102766,3106747,+,4.218737144,1.909857434,mutY-yggX-mltC-nupG
1340,mutY-yggX,3102766,3104145,+,5.236096276,2.490006105,mutY-yggX
1341,mutY-yggX-mltC,3102766,3105289,+,3.949180947,1.780890195,mutY-yggX-mltC
1342,yggX-mltC-nupG,3103771,3106747,+,4.52125668,2.051872365,yggX-mltC-nupG
1343,yggX,3103771,3104145,+,10.35138645,5.165457906,yggX
1344,yggX-mltC,3103771,3105289,+,4.363654104,1.97385624,yggX-mltC
1345,nupG,3105429,3106747,+,5.170988859,2.348712399,nupG
1346,speC,3106798,3108952,-,0.422985412,0.175835918,speC
1347,pheV,3110143,3110254,+,0.166269001,0.047288912,pheV
1348,yghF,3111832,3112676,-,0.471473832,0.012632735,yghF
1349,glcDEFGBA,3119375,3127853,-,0.38514232,0.40577896,glcDEFGBA
1350,glcC,3127984,3128813,+,0.843399291,0.395601328,glcC
1351,pitB,3134650,3136180,-,0.066480586,0.063415865,pitB
1352,gss,3136441,3138387,-,2.720491272,1.910291841,gss
1353,yghU,3138478,3139370,+,0.786600412,3.999898383,yghU
1354,hybOABCDEFG,3139494,3146140,-,9.833467263,1.655487157,hybOABCDEFG
1355,exbD,3150330,3151167,-,8.53260445,4.478125373,exbD
1356,exbBD,3150330,3151791,-,10.43375751,4.682577876,exbBD
1357,metC,3151853,3153200,+,1.576622583,0.389339154,metC
1358,yghB,3153307,3153999,+,1.583294333,1.855515308,yghB
1359,yqhD-dkgA,3155080,3157227,+,3.313310591,12.92121821,yqhD-dkgA
1360,dkgA,3156349,3157227,+,3.198105273,28.50974181,dkgA
1361,yqhG,3157323,3158353,+,0.210199195,0.269712861,yqhG
1362,mqsRA,3167629,3168339,-,1.613354919,4.850819665,mqsRA
1363,mqsRA,3167629,3168430,-,1.475254521,4.30775498,mqsRA
1364,qseBC,3169527,3171610,+,0.974539429,0.422132341,qseBC
1365,qseBC,3169579,3171610,+,0.999466164,0.432929626,qseBC
1366,ygiZ,3171657,3172100,-,0.040166264,0,ygiZ
1367,tolC-ygiABC,3177782,3181358,+,18.42423274,9.375830434,tolC-ygiABC
1368,tolC-ygiABC,3177790,3181358,+,18.45540222,9.380541801,tolC-ygiABC
1369,tolC-ygiABC,3177840,3181358,+,18.68164282,9.47426611,tolC-ygiABC
1370,tolC-ygiABC,3177852,3181358,+,18.7455481,9.50667523,tolC-ygiABC
1371,zupT,3182211,3183100,+,2.742113861,2.555941094,zupT
1372,sroG-ribB,3184256,3184495,-,8.305720498,5.321630977,sroG-ribB
1373,insC-5CD-5D-5-yqiGHI,3185818,3191473,+,0.332188995,0.228311699,insC-5CD-5D-5-yqiGHI
1374,glgS,3191494,3191779,-,3.115131231,69.57052478,glgS
1375,glgS,3191494,3191789,-,3.010244657,67.22808287,glgS
1376,sibD,3194499,3194642,-,3.230842096,3.95180009,sibD
1377,sibE,3194875,3195017,-,1.742153971,1.311485686,sibE
1378,ygiM-cca,3200820,3202906,+,3.369805995,2.031324571,ygiM-cca
1379,ygiM,3200882,3201604,+,5.730316049,3.245603376,ygiM
1380,bacA,3203088,3203952,-,2.096134682,0.576928251,bacA
1381,ttdR,3205102,3206157,-,0.495996492,0.097871505,ttdR
1382,ttdABT,3206202,3209264,+,0.081924748,0.086714918,ttdABT
1383,rpsU-dnaG-rpoD,3210424,3214739,+,21.49762442,9.915277546,rpsU-dnaG-rpoD
1384,rpsU,3210424,3210849,+,92.48850612,34.27320217,rpsU
1385,rpsU-dnaG-rpoD,3210490,3214739,+,21.83001688,10.06814462,rpsU-dnaG-rpoD
1386,rpsU-dnaG-rpoD,3210513,3214739,+,21.94877052,10.12291456,rpsU-dnaG-rpoD
1387,rpoD,3212251,3214739,+,17.0305552,10.15794469,rpoD
1388,rpoD,3212415,3214739,+,17.66073684,10.29997275,rpoD
1389,rpoD,3212466,3214739,+,17.90141261,10.32428078,rpoD
1390,rpoD,3212471,3214665,+,18.39171327,10.51706621,rpoD
1391,ileX,3215375,3215450,+,0,0.060434835,ileX
1392,yqjH,3215505,3216315,-,0.49950577,0.183229489,yqjH
1393,yqjI,3216531,3217179,+,1.219848673,0.335112083,yqjI
1394,aer,3217334,3218897,-,0.193995637,0.20648679,aer
1395,patA,3219236,3220650,+,0.187451926,0.65591404,patA
1396,ebgR,3221215,3222226,+,2.222532336,0.528474567,ebgR
1397,ebgAC,3222329,3225948,+,1.174676645,0.090223628,ebgAC
1398,fadH,3231402,3233460,+,0.222863513,0.385387073,fadH
1399,higBA,3233506,3234257,-,0.548467298,0.285496837,higBA
1400,ygjR,3237060,3238074,+,1.831726053,1.430756865,ygjR
1401,sstT,3239641,3240965,+,2.062666237,1.147469346,sstT
1402,uxaCA,3241605,3244620,-,1.875007428,0.61003468,uxaCA
1403,uxaCA,3241605,3244634,-,1.866346885,0.607216968,uxaCA
1404,exuT,3244780,3246299,+,0.228738849,0.294910015,exuT
1405,exuT,3244821,3246299,+,0.235075533,0.30307982,exuT
1406,exuR,3246396,3247205,+,6.020939382,2.910513129,exuR
1407,yqjA-mzrA,3247326,3248599,+,3.487525215,3.497249693,yqjA-mzrA
1408,yqjA-mzrA,3247421,3248599,+,3.676283532,3.754187598,yqjA-mzrA
1409,tdcABCDEFG,3263451,3268069,-,0.470215095,0.094666853,tdcABCDEFG
1410,rnpB,3270939,3271568,-,436.9989009,146.5157282,rnpB
1411,rnpB,3271052,3271568,-,532.2829915,178.4673375,rnpB
1412,rnpB,3271165,3271568,-,680.751895,228.2014797,rnpB
1413,garPLRK-rnpB,3270936,3275910,-,55.65734118,18.72353318,garPLRK-rnpB
1414,prlF-yhaV,3277949,3278777,+,3.591652562,3.779815748,prlF-yhaV
1415,agaR,3278833,3279679,-,3.782786798,1.742740878,agaR
1416,kbaZ-agaVWA,3279843,3282601,+,0.266181941,0.110119858,kbaZ-agaVWA
1417,agaS-kbaY-agaBCDI,3282866,3288001,+,0.126305941,0.027605438,agaS-kbaY-agaBCDI
1418,yraP,3297049,3297960,+,4.904416753,1.757673686,yraP
1419,yraP,3297326,3297960,+,5.888343544,2.011170343,yraP
1420,yraR,3299188,3299873,-,0.507946149,0.830371311,yraR
1421,yhbTS,3301232,3302277,-,8.427754102,3.360647063,yhbTS
1422,yhbTS,3301232,3302344,-,7.937101151,3.162702834,yhbTS
1423,mtr,3305550,3306836,-,0.726100291,2.753304696,mtr
1424,mtr,3305550,3306908,-,0.859906747,2.63859974,mtr
1425,yrbN-deaD,3306948,3309062,-,38.0279364,11.55852682,yrbN-deaD
1426,sraG,3312160,3312374,+,4.820662835,1.595863889,sraG
1427,pnp,3309976,3312302,-,47.98097064,11.48395826,pnp
1428,rpsO-pnp,3309976,3312762,-,70.14288711,18.71334012,rpsO-pnp
1429,rpsO,3312349,3312762,-,202.0690834,61.29671668,rpsO
1430,rimP-nusA-infB,3314319,3319151,-,45.15981047,8.025445581,rimP-nusA-infB
1431,metY-rimP-nusA-infB-rbfA-truB-rpsO-pnp,3309976,3319273,-,47.25523366,10.42576103,metY-rimP-nusA-infB-rbfA-truB-rpsO-pnp
1432,metY-rimP-nusA-infB,3314319,3319273,-,44.20258787,7.839381926,metY-rimP-nusA-infB
1433,metY,3319049,3319273,-,3.812629904,0.29253848,metY
1434,metY,3319008,3319273,-,3.656918575,0.353840914,metY
1435,metY-rimP-nusA-infB-rbfA-truB-rpsO-pnp,3309976,3319351,-,46.86474119,10.3390372,metY-rimP-nusA-infB-rbfA-truB-rpsO-pnp
1436,metY,3319049,3319351,-,2.914193298,0.217479265,metY
1437,metY,3319008,3319351,-,2.900456996,0.273842098,metY
1438,argG,3319539,3320956,+,2.118836004,2.860915211,argG
1439,leuU,3323049,3323254,-,44.04428907,10.11458024,leuU
1440,secG-leuU,3323012,3323563,-,28.2629981,6.72012983,secG-leuU
1441,secG-leuU,3323012,3323566,-,28.14429199,6.683870137,secG-leuU
1442,rlmE-ftsH,3325919,3328707,-,35.13603246,16.72404002,rlmE-ftsH
1443,yhbY,3328736,3329059,+,27.12983431,13.76247102,yhbY
1444,rlmE-ftsH,3325919,3328736,-,35.35468088,16.82208716,rlmE-ftsH
1445,greA,3329783,3329829,-,0.254776606,0,greA
1446,greA,3329783,3329840,-,0.207275883,0,greA
1447,rplU-rpmA,3333839,3334492,-,265.8781003,72.76639809,rplU-rpmA
1448,rplU-rpmA-yhbE-obgE,3331559,3334492,-,66.27977641,19.28834301,rplU-rpmA-yhbE-obgE
1449,sfsB,3335835,3336163,+,2.540003043,0.687265184,sfsB
1450,ibaG-murA,3336212,3337809,-,15.73951027,3.069854923,ibaG-murA
1451,ibaG,3337526,3337862,-,15.84401404,3.701923,ibaG
1452,mlaFEDCB,3337940,3341078,-,11.96461783,3.945485373,mlaFEDCB
1453,mlaFEDCB,3337940,3341097,-,11.89658182,3.923446571,mlaFEDCB
1454,mlaFEDCB,3337940,3341108,-,11.86307042,3.909832088,mlaFEDCB
1455,yrbG-kdsD,3341188,3343228,+,2.705260437,1.687992548,yrbG-kdsD
1456,yrbG-kdsDC-lptCAB,3341188,3345645,+,6.176029027,4.366951564,yrbG-kdsDC-lptCAB
1457,kdsC-lptCAB,3342696,3345645,+,8.385697388,6.012455373,kdsC-lptCAB
1458,kdsC-lptCAB,3342987,3345645,+,8.897956359,6.406043172,kdsC-lptCAB
1459,kdsC-lptCAB,3343203,3345645,+,9.245382993,6.709650199,kdsC-lptCAB
1460,lptAB,3344276,3345645,+,10.84475329,7.163595207,lptAB
1461,lptAB,3344303,3345645,+,10.82096861,7.121118432,lptAB
1462,lptB-rpoN-hpf-ptsN-rapZ,3344373,3348945,+,10.87301399,10.33916229,lptB-rpoN-hpf-ptsN-rapZ
1463,rpoN-hpf-ptsN-rapZ-npr,3345639,3349265,+,10.05581216,10.67337746,rpoN-hpf-ptsN-rapZ-npr
1464,yrbL,3349398,3350060,+,23.71778987,45.53110741,yrbL
1465,arcZ,3351554,3351673,+,4.163832886,1.879281666,arcZ
1466,arcB,3351666,3354025,-,4.018362448,2.402048415,arcB
1467,gltBDF,3355486,3362916,+,1.598287321,0.271569232,gltBDF
1468,nanATEK-yhcH,3369991,3374596,-,11.76960487,0.421669531,nanATEK-yhcH
1469,nanA,3373660,3374596,-,42.21152516,0.467118482,nanA
1470,dcuD,3375560,3377212,+,0.147140989,0.109070915,dcuD
1471,dcuD,3375743,3377212,+,0.165446088,0.1226399,dcuD
1472,sspAB,3377226,3378545,-,16.86853572,9.005330389,sspAB
1473,rplM-rpsI,3378733,3379648,-,278.6831394,69.08145307,rplM-rpsI
1474,yhcB,3381159,3381565,+,28.16106413,15.38756851,yhcB
1475,degQS,3381631,3384243,+,2.042692856,2.091078081,degQS
1476,degQ,3381675,3383130,+,2.205427727,2.513527942,degQ
1477,degQ,3381675,3383154,+,2.186069279,2.485717861,degQ
1478,degS,3383150,3384292,+,2.488155385,1.725546175,degS
1479,mdh,3384307,3385289,-,58.53495424,33.71806463,mdh
1480,mdh,3384307,3385446,-,50.7853586,29.43078866,mdh
1481,argR,3385579,3386149,+,5.395936602,3.846530151,argR
1482,argR,3385654,3386149,+,6.126825268,4.339059643,argR
1483,aaeXAB,3387198,3390406,-,0.327066585,0.272756218,aaeXAB
1484,aaeR,3390473,3391425,+,1.343699341,0.846186841,aaeR
1485,mreBCD,3399364,3402105,-,6.477064041,2.740798588,mreBCD
1486,mreB,3400982,3402105,-,12.24838792,4.980973502,mreB
1487,mreBCD,3399364,3402169,-,6.433250182,2.726151911,mreBCD
1488,mreB,3400982,3402169,-,11.83430026,4.825814194,mreB
1489,mreBCD,3399364,3402332,-,6.319512235,2.685884944,mreBCD
1490,mreB,3400982,3402332,-,10.93328482,4.484218156,mreB
1491,accBC,3406117,3408278,+,35.96997786,4.684602374,accBC
1492,accBC,3406149,3408278,+,36.50164966,4.752764642,accBC
1493,yhdT-panF-prmA,3408328,3411018,+,2.601845967,0.775700346,yhdT-panF-prmA
1494,dusB-fis,3411223,3412602,+,19.94448566,9.527954587,dusB-fis
1495,acrEF,3414679,3419153,+,0.125159611,0.109323371,acrEF
1496,yhdWXYZ,3419949,3424170,+,0.16323015,0.163758045,yhdWXYZ
1497,rrsD-ileU-alaU-rrlD-rrfD-thrV-rrfF,4212598,4217876,+,25881.50947,26026.87099,rrsD-ileU-alaU-rrlD-rrfD-thrV-rrfF
1498,rrsD-ileU-alaU-rrlD-rrfD-thrV-rrfF,4212491,4217876,+,25367.47961,25509.93289,rrsD-ileU-alaU-rrlD-rrfD-thrV-rrfF
1499,def-fmt,4206377,4207887,-,17.15910563,19.02395339,def-fmt
1500,smf,4207852,4209101,+,1.300687064,1.233096068,smf
1501,mscL,4203104,4203536,-,14.96669907,11.62416449,mscL
1502,arfA,4202865,4203093,+,3.27279705,4.58098745,arfA
1503,yhdN-zntR,4201992,4202832,+,2.613665966,5.409675032,yhdN-zntR
1504,rpsMKD-rpoA-rplQ,4199043,4201956,+,494.6003947,84.1081986,rpsMKD-rpoA-rplQ
1505,rpsMKD-rpoA-rplQ,4198973,4201956,+,485.834999,82.76979185,rpsMKD-rpoA-rplQ
1506,rplNXE-rpsNH-rplFR-rpsE-rpmD-rplO-secY-rpmJ,4193316,4198919,+,431.9218662,99.31186926,rplNXE-rpsNH-rplFR-rpsE-rpmD-rplO-secY-rpmJ
1507,rpsJ-rplCDWB-rpsS-rplV-rpsC-rplP-rpmC-rpsQ,4188096,4193270,+,472.5585742,73.74761026,rpsJ-rplCDWB-rpsS-rplV-rpsC-rplP-rpmC-rpsQ
1508,rpsJ-rplCDWB-rpsS-rplV-rpsC-rplP-rpmC-rpsQ,4188096,4188239,+,192.1140364,40.57081736,rpsJ-rplCDWB-rpsS-rplV-rpsC-rplP-rpmC-rpsQ
1509,gspCDEFGHIJKLMO,4175318,4186055,-,0.192175291,0.397441709,gspCDEFGHIJKLMO
1510,gspAB,4186043,4188029,+,0.170201407,0.114041466,gspAB
1511,gspAB,4186028,4188029,+,0.168926808,0.113187436,gspAB
1512,gspAB,4186019,4188029,+,0.168171171,0.11268113,gspAB
1513,gspCDEFGHIJKLMO,4175318,4186010,-,0.192983959,0.39911413,gspCDEFGHIJKLMO
1514,gspCDEFGHIJKLMO,4175318,4186006,-,0.19305617,0.399263471,gspCDEFGHIJKLMO
1515,gspAB,4185904,4188029,+,0.159078701,0.106588826,gspAB
1516,chiA,4171642,4174377,+,0.50945814,0.380270471,chiA
1517,tufA,4169955,4171392,+,618.7684746,131.8197835,tufA
1518,tufA,4169814,4171392,+,577.7286924,122.4002601,tufA
1519,fusA-tufA,4167853,4171392,+,506.8844041,101.734558,fusA-tufA
1520,rpsLG-fusA-tufA,4166917,4171392,+,452.4985078,91.2459381,rpsLG-fusA-tufA
1521,yheO-tusDCB,4165032,4166859,+,5.467086831,3.271046963,yheO-tusDCB
1522,yheO-tusDCB,4164997,4166859,+,5.364432304,3.212123594,yheO-tusDCB
1523,fkpA,4164039,4164930,+,30.53574363,9.881743215,fkpA
1524,fkpA,4164013,4164930,+,29.70440655,9.602172678,fkpA
1525,prkB,4156179,4157226,-,2.943417314,2.379546182,prkB
1526,yhfA,4155587,4156123,+,4.71232204,3.405764458,yhfA
1527,crp,4154746,4155584,-,57.88572741,39.45793392,crp
1528,crp,4154746,4155512,-,63.21700627,43.09415157,crp
1529,crp,4154746,4155506,-,63.70711017,43.38935172,crp
1530,argD,4151317,4152577,+,0.965367607,0.376823414,argD
1531,pabA,4150687,4151271,+,0.971170675,2.247162362,pabA
1532,yhfG-fic-pabA,4149890,4151271,+,1.406032423,9.046406335,yhfG-fic-pabA
1533,ppiA,4149203,4149812,+,7.558340178,4.436920218,ppiA
1534,ppiA,4149143,4149812,+,6.882482636,4.046987569,ppiA
1535,ppiA,4149108,4149812,+,6.541283072,3.846357873,ppiA
1536,ppiA,4149089,4149812,+,6.378665194,3.745556771,ppiA
1537,tsgA,4147789,4149018,-,3.626651961,2.255824393,tsgA
1538,nirBDC-cysG,4142337,4147550,-,1.515161744,0.679368238,nirBDC-cysG
1539,cysG,4142337,4143783,-,1.58696455,1.157497421,cysG
1540,cysG,4142337,4143744,-,1.630890468,1.18953603,cysG
1541,trpS,4127841,4128903,+,10.45197219,3.209522032,trpS
1542,rpe-gph-trpS,4126385,4128903,+,7.8850706,2.290739468,rpe-gph-trpS
1543,dam-rpe-gph-trpS,4125556,4128903,+,6.896769906,2.001797769,dam-rpe-gph-trpS
1544,dam-rpe-gph-trpS,4125286,4128903,+,8.082124724,2.532957989,dam-rpe-gph-trpS
1545,damX-dam-rpe-gph-trpS,4123938,4128903,+,10.06994206,3.354533546,damX-dam-rpe-gph-trpS
1546,aroKB-damX-dam-rpe-gph-trpS,4122371,4128903,+,11.74529829,3.795045762,aroKB-damX-dam-rpe-gph-trpS
1547,aroKB-damX-dam-rpe-gph-trpS,4122158,4128903,+,11.47763652,3.689966985,aroKB-damX-dam-rpe-gph-trpS
1548,mrcA,4116090,4118711,-,1.060493571,0.588490896,mrcA
1549,hofMNOP,4118610,4120922,+,0.103118171,0.100690353,hofMNOP
1550,hslRO,4110886,4112427,-,5.034240112,3.871317575,hslRO
1551,pck,4107098,4108858,-,25.78517507,3.542643792,pck
1552,ompR-envZ,4104899,4107021,+,2.379546795,1.001908525,ompR-envZ
1553,ompR-envZ,4104853,4107021,+,2.334819988,0.987344776,ompR-envZ
1554,ompR-envZ,4104831,4107021,+,2.311386576,0.977435294,ompR-envZ
1555,ompR-envZ,4104783,4107021,+,2.28051266,0.980155238,ompR-envZ
1556,feoABC,4098574,4101480,-,9.674155328,3.930465542,feoABC
1557,yhgH-nfuA,4095339,4096870,-,10.63687763,6.687193034,yhgH-nfuA
1558,bioH,4096680,4097463,+,1.749304669,0.56361942,bioH
1559,nfuA,4095339,4096079,-,19.6601872,12.63686794,nfuA
1560,nfuA,4095339,4095941,-,22.53615574,14.66109406,nfuA
1561,gntT,4093663,4095132,-,16.1095043,0.437673537,gntT
1562,gntT,4093663,4095091,-,16.56717851,0.450222219,gntT
1563,gntT,4093663,4095088,-,16.60200789,0.451168727,gntT
1564,malQ,4091139,4093551,+,62.04358388,1.410647757,malQ
1565,malPQ,4089028,4093551,+,68.37552778,1.350072738,malPQ
1566,malT,4085718,4088513,-,17.12892312,6.388084475,malT
1567,rtcBA,4083431,4085704,+,0.32958479,0.316949317,rtcBA
1568,glpR,4080781,4081783,+,4.268360805,1.329112152,glpR
1569,glpR,4080646,4081783,+,4.174428011,1.311879322,glpR
1570,glpGR,4080057,4081783,+,3.381352736,1.091920294,glpGR
1571,glpEGR,4079688,4081783,+,3.14316888,1.092468538,glpEGR
1572,glpD,4078019,4079565,-,36.05403919,0.663189633,glpD
1573,glgAP,4073145,4077402,+,3.176061449,5.517404984,glgAP
1574,glgCAP,4072148,4077402,+,3.433781327,5.934388994,glgCAP
1575,glgCAP,4072082,4077402,+,3.410093508,5.920497498,glgCAP
1576,glgCAP,4071966,4077402,+,3.459173891,6.075897296,glgCAP
1577,glgBXCAP,4067880,4077402,+,2.662226322,5.252455596,glgBXCAP
1578,gntKU,4063892,4065848,+,2.652442969,0.214300682,gntKU
1579,gntK,4063892,4064530,+,4.396112024,0.447682849,gntK
1580,gntR,4062719,4063914,+,2.979456946,1.562817269,gntR
1581,gntR,4062675,4063914,+,2.878527659,1.522339341,gntR
1582,gntR,4062657,4063914,+,2.837373173,1.500574363,gntR
1583,ryhB,4060521,4060609,+,0.066839596,0,ryhB
1584,yhhY,4059911,4060425,-,1.078725044,0.74970676,yhhY
1585,ugpBAECQ,4049159,4054166,+,49.7047766,0.935254902,ugpBAECQ
1586,ugpBAECQ,4049111,4054166,+,49.24254472,0.9293948,ugpBAECQ
1587,livKHMGF,4043807,4048812,+,0.232556114,0.044554309,livKHMGF
1588,livKHMGF,4043782,4048812,+,0.231400728,0.044332954,livKHMGF
1589,livJ,4041775,4042981,+,0.352091837,0.251302113,livJ
1590,rpoH,4040724,4041649,+,16.96846865,17.35980533,rpoH
1591,rpoH,4040688,4041649,+,16.54590921,17.14303276,rpoH
1592,rpoH,4040674,4041649,+,16.3400048,16.95288054,rpoH
1593,rpoH,4040667,4041649,+,16.22376493,16.83228078,rpoH
1594,rpoH,4040534,4041649,+,14.48069202,14.90169383,rpoH
1595,zntA,4032888,4035114,-,0.579342548,0.452233717,zntA
1596,nikABCDER,4022548,4028097,-,0.593117174,0.312553057,nikABCDER
1597,nikABCDER,4022548,4027908,-,0.557572673,0.288173943,nikABCDER
1598,nikR,4022548,4022999,-,1.014526502,0.974617768,nikR
1599,yhiM,4005644,4006793,-,0.200151838,11.96685946,yhiM
1600,pitA,4002396,4003924,-,5.44648003,2.63652896,pitA
1601,uspB,4001689,4002151,+,1.042192707,14.36523204,uspB
1602,uspA,4000946,4001553,-,58.71048185,47.19981988,uspA
1603,uspA,4000946,4001538,-,60.19306977,48.39173453,uspA
1604,uspA,4000946,4001536,-,60.39642474,48.55522011,uspA
1605,prlC-rsmJ,3996299,3999156,+,3.945246984,3.518122593,prlC-rsmJ
1606,rlmJ,3995310,3996186,-,1.68425686,1.014740148,rlmJ
1607,gor,3993886,3995424,-,2.499572351,2.025514758,gor
1608,dinQ,3993555,3993884,+,7.683760275,9.147931064,dinQ
1609,agrA,3993390,3993473,-,1.775442618,0.333668558,agrA
1610,agrB,3993153,3993242,-,0.334880415,0.479335459,agrB
1611,arsRBC,3990875,3993024,-,0.255982127,0.21779676,arsRBC
1612,slp-dctR,3986324,3987600,-,0.270335305,55.78742744,slp-dctR
1613,hdeAB-yhiD,3984746,3986281,+,2.013420981,311.5911508,hdeAB-yhiD
1614,hdeD,3983970,3984576,-,0.671606072,55.88571628,hdeD
1615,gadEF,3982455,3983736,-,0.243292237,82.96996573,gadEF
1616,arrS,3983483,3983550,+,0,95.18599654,arrS
1617,gadEF-mdtEF,3978010,3983474,-,0.237589022,24.10535401,gadEF-mdtEF
1618,gadEF,3982455,3983294,-,0.371158074,110.9106276,gadEF
1619,gadEF-mdtEF,3978010,3983191,-,0.245985867,24.6523743,gadEF-mdtEF
1620,mdtEF,3978010,3982452,-,0.223303446,9.197688838,mdtEF
1621,mdtEF,3978010,3982396,-,0.224821708,8.565690581,mdtEF
1622,mdtEF,3978010,3982391,-,0.225078178,8.356052546,mdtEF
1623,gadW,3976886,3977995,+,0.753582609,4.13801189,gadW
1624,gadW,3976756,3977995,+,0.679488995,3.772465285,gadW
1625,gadY,3976576,3976672,-,0.978867934,6.423724674,gadY
1626,gadX,3975698,3976621,+,0.686241682,18.7418884,gadX
1627,gadXW,3975698,3977995,+,0.660987488,9.616487743,gadXW
1628,gadAX,3973930,3976621,+,0.473257013,145.4867092,gadAX
1629,ccp,3972276,3973745,+,0.244523367,0.158459949,ccp
1630,treF,3970296,3971985,-,0.359546729,1.798734421,treF
1631,yhjC,3968224,3969400,-,0.633591983,0.26570677,yhjC
1632,yhjG,3963125,3965246,+,0.275998014,2.104339164,yhjG
1633,pdeH,3962308,3963116,+,0.053391298,0.039702458,pdeH
1634,yhjJ,3959521,3961092,+,3.542203712,1.46898136,yhjJ
1635,dctA,3958039,3959375,+,20.45480866,7.373149108,dctA
1636,bcsBZ,3948864,3952381,+,0.220328677,0.061145445,bcsBZ
1637,yhjR,3945173,3945539,+,4.149560579,0.100711153,yhjR
1638,bcsEFG,3941644,3945093,-,1.765454248,0.379295882,bcsEFG
1639,rdlD,3941338,3941400,-,1.032021709,0,rdlD
1640,ldrD,3941265,3941637,+,0.845395334,0.253971932,ldrD
1641,dppABCDF,3933667,3939672,+,4.019313007,18.47781028,dppABCDF
1642,proK,3932843,3932920,+,0.93285598,0.787765264,proK
1643,eptB,3930956,3932752,+,1.887760076,1.078520161,eptB
1644,yhjX,3929494,3930737,+,0.212814229,0.260247506,yhjX
1645,yiaF,3922440,3923202,+,8.241364664,6.965972322,yiaF
1646,yiaG,3921769,3922105,-,1.617412504,137.7532573,yiaG
1647,cspA,3921224,3921647,-,959.5514354,23.10825121,cspA
1648,cspA,3921224,3921596,-,1090.240823,26.14001274,cspA
1649,insK,3919488,3920471,-,0.434712668,0.077970549,insK
1650,glyQS,3916183,3919245,+,20.42440696,5.712107264,glyQS
1651,xylAB,3910730,3913619,+,0.364048861,0.881392036,xylAB
1652,xylFGHR,3905380,3910467,-,0.336236656,0.339298702,xylFGHR
1653,xylR,3905380,3906630,-,0.675239652,0.441120682,xylR
1654,malS,3901967,3904066,-,2.829970233,0.106514812,malS
1655,malS,3901917,3904066,-,2.781576732,0.106163657,malS
1656,avtA,3900579,3901862,-,3.685029762,2.593870928,avtA
1657,yiaJ,3898919,3899852,+,0.316928119,0.345439221,yiaJ
1658,yiaKLMNO-lyxK-sgbHUE,3890756,3898862,-,0.065027888,0.049433786,yiaKLMNO-lyxK-sgbHUE
1659,yiaKLMNO-lyxK-sgbHUE,3890756,3898816,-,0.065398923,0.049715844,yiaKLMNO-lyxK-sgbHUE
1660,aldB,3885002,3886630,+,0.118296575,8.44536602,aldB
1661,selAB,3880240,3883519,+,0.716340174,0.766732303,selAB
1662,yibF,3879562,3880189,+,0.938744612,1.056797898,yibF
1663,mtlADR,3865362,3869348,-,4.516019776,4.682099825,mtlADR
1664,mtlADR,3865328,3869348,-,5.387336825,10.99624329,mtlADR
1665,mtlADR,3865233,3869348,-,5.444742176,11.48584574,mtlADR
1666,mtlADR,3865118,3869348,-,5.355377547,11.24635704,mtlADR
1667,lldPRD,3860520,3864247,-,6.54797819,0.314557002,lldPRD
1668,cysE,3858856,3859795,+,12.08934764,5.734468871,cysE
1669,secB-gpsA,3857334,3858894,+,35.70161311,10.69187758,secB-gpsA
1670,gpmM-envC-yibQ,3852477,3856349,-,6.378032353,1.118285688,gpmM-envC-yibQ
1671,yibN-grxC-secB-gpsA,3856342,3858894,+,28.26302228,8.140230452,yibN-grxC-secB-gpsA
1672,gpmM-envC-yibQ,3852477,3856301,-,6.44994241,1.095348016,gpmM-envC-yibQ
1673,waaH,3851388,3852489,+,0.235684425,0.073147082,waaH
1674,kbl-tdh,3848960,3851216,+,14.02421984,3.858567056,kbl-tdh
1675,rfaD-waaFCL,3843330,3847671,-,5.450643248,2.799169054,rfaD-waaFCL
1676,rfaD-waaFCL,3843330,3847640,-,5.489829227,2.81929295,rfaD-waaFCL
1677,rfaD-waaFCL,3843330,3847597,-,5.543757499,2.843227064,rfaD-waaFCL
1678,rfaD-waaFCL,3843330,3847566,-,5.581469947,2.86402462,rfaD-waaFCL
1679,waaYZ,3840401,3842191,+,1.05065538,0.567263362,waaYZ
1680,waaQGPSBOJYZU,3833357,3843297,+,1.974793237,1.191145217,waaQGPSBOJYZU
1681,rirA-waaQGPSBOJYZU,3833299,3843297,+,1.963339437,1.184693615,rirA-waaQGPSBOJYZU
1682,waaA,3831720,3833280,-,1.486830053,1.065832861,waaA
1683,waaA-coaD,3831233,3833020,-,1.604797477,1.079387312,waaA-coaD
1684,waaA,3831720,3833020,-,1.764973453,1.252656913,waaA
1685,mutM,3830362,3831193,+,1.776537345,0.705853524,mutM
1686,rpmBG-mutM,3829542,3831193,+,85.5832475,22.80189788,rpmBG-mutM
1687,rpmBG,3829542,3830327,+,177.877068,47.14556698,rpmBG
1688,yicR-rpmBG-mutM,3828960,3831193,+,63.4303548,16.9321333,yicR-rpmBG-mutM
1689,yicR-rpmBG,3828960,3830327,+,102.4740594,27.21354415,yicR-rpmBG
1690,dfp,3827586,3828833,-,3.890826986,1.494617678,dfp
1691,dut-slmA,3826447,3827684,-,9.45168579,1.903031493,dut-slmA
1692,rph-pyrE,3824957,3826440,+,1.780720076,0.524839975,rph-pyrE
1693,rph,3824957,3825729,+,3.097548045,0.961522587,rph
1694,yicC,3823934,3824891,-,8.320847309,3.953180853,yicC
1695,dinD,3822953,3823837,-,1.012620984,0.361737915,dinD
1696,gmk,3819486,3820148,-,7.776397751,7.162984676,gmk
1697,rpoZ-spoT-trmH-recG,3814246,3819459,-,4.237061048,2.310151741,rpoZ-spoT-trmH-recG
1698,yicH,3809371,3811105,-,1.514769832,1.362072016,yicH
1699,selC,3805221,3805338,-,0.200966367,0,selC
1700,yicJI,3804873,3809317,+,0.207483083,0.121431211,yicJI
1701,nlpA,3801520,3802361,+,0.928203716,0.657905499,nlpA
1702,nepI,3799766,3800987,+,0.206469204,0.104729264,nepI
1703,adeD,3795807,3797626,-,0.478320731,0.11193677,adeD
1704,uhpT,3794339,3795760,+,0.793526091,0.082877469,uhpT
1705,ivbL-ilvBN,3788514,3790790,+,3.112748039,3.113243042,ivbL-ilvBN
1706,ivbL,3788514,3788701,+,22.36163575,23.82129459,ivbL
1707,istR,3788345,3788418,+,0,0,istR
1708,istR,3788280,3788418,+,0,0.169345323,istR
1709,tisB,3787848,3788199,-,2.535897,4.331562526,tisB
1710,emrD,3786431,3787691,-,0.49004269,0.160390676,emrD
1711,yidL,3780361,3781283,-,0.131466152,0.122301273,yidL
1712,ibpB,3774556,3775067,+,0.965070965,6.880418203,ibpB
1713,ibpAB,3774019,3775067,+,1.265933751,7.74673726,ibpAB
1714,yidQ,3773477,3773992,-,4.267688213,5.152118294,yidQ
1715,gyrB,3761387,3763831,+,9.847815303,4.285454387,gyrB
1716,recF,3759696,3761388,+,5.260072657,1.564648251,recF
1717,recF,3759676,3761388,+,5.213065542,1.546390979,recF
1718,dnaN-recF,3759189,3761388,+,5.48824035,1.899223472,dnaN-recF
1719,dnaN-recF,3758975,3761388,+,5.550793313,2.024210029,dnaN-recF
1720,dnaN-recF,3758947,3761388,+,5.531163886,2.048329145,dnaN-recF
1721,dnaN-recF,3758804,3761388,+,5.763574035,2.215116909,dnaN-recF
1722,dnaAN-recF,3757655,3761388,+,6.16586289,2.800046351,dnaAN-recF
1723,dnaAN-recF,3757576,3761388,+,6.038148373,2.742048537,dnaAN-recF
1724,rpmH-rnpA,3756685,3757471,-,25.938512,8.118215799,rpmH-rnpA
1725,rpmH-rnpA,3756685,3757425,-,27.54655991,8.550059948,rpmH-rnpA
1726,rpmH-rnpA,3756685,3757299,-,33.11356594,10.05740607,rpmH-rnpA
1727,tnaCAB,3753028,3753125,-,31.25747625,11.63009747,tnaCAB
1728,tnaC,3753028,3753125,-,31.25747625,11.63009747,tnaC
1729,yieEF,3742585,3743973,-,2.719161542,0.878036915,yieEF
1730,bglGFB,3731106,3735553,+,0.411173462,0.092936015,bglGFB
1731,bglGFB,3731106,3731209,+,0.404569508,0,bglGFB
1732,bglG,3731106,3732166,+,0.326950071,0.008685393,bglG
1733,bglG,3731086,3732166,+,0.320906632,0.013463525,bglG
1734,phoU,3730138,3730949,+,57.8689802,5.59630614,phoU
1735,pstB-phoU,3729356,3730949,+,48.18663147,4.524039782,pstB-phoU
1736,pstB-phoU,3729247,3730949,+,46.56802879,4.36258597,pstB-phoU
1737,pstCAB-phoU,3727261,3730949,+,36.48910853,4.161647281,pstCAB-phoU
1738,pstSCAB-phoU,3726235,3730949,+,55.18750714,6.741659008,pstSCAB-phoU
1739,pstS,3726235,3727359,+,122.4714012,16.08712749,pstS
1740,pstSCA,3726235,3729307,+,59.66382775,7.995387258,pstSCA
1741,glmUS,3722580,3725992,+,16.49591693,7.776746536,glmUS
1742,glmUS,3722477,3725992,+,16.01281217,7.550513597,glmUS
1743,atpBEFHAGDC,3715669,3722294,+,85.5263762,8.019288826,atpBEFHAGDC
1744,atpBEFHAGDC,3715533,3722294,+,83.95313848,7.907859862,atpBEFHAGDC
1745,atpIBEFHAGDC,3715278,3722294,+,81.05969707,7.681742397,atpIBEFHAGDC
1746,mnmG-rsmG,3712129,3714745,+,7.746125456,1.784437229,mnmG-rsmG
1747,mioC,3711328,3711790,+,16.23773001,8.640782735,mioC
1748,asnC,3710772,3711257,+,1.346742119,0.618983429,asnC
1749,asnC-mioC,3710772,3711790,+,8.035476175,4.235286281,asnC-mioC
1750,asnC-mioC-mnmG,3710772,3714097,+,8.053036457,2.548096604,asnC-mioC-mnmG
1751,asnA,3709656,3710673,-,1.281253181,1.674455286,asnA
1752,kup,3704619,3706699,-,1.012957211,0.369092622,kup
1753,ravA-viaA,3706675,3709650,+,1.47556218,0.958000047,ravA-viaA
1754,kup,3704619,3706621,-,1.049196855,0.381136405,kup
1755,kup,3704619,3706537,-,1.095099217,0.397811123,kup
1756,rbsDACBKR,3698584,3704480,-,17.53313012,9.024689987,rbsDACBKR
1757,rrsC-gltU-rrlC-rrfC,3690736,3696286,-,25448.51587,25605.44554,rrsC-gltU-rrlC-rrfC
1758,rrsC-gltU-rrlC-rrfC,3690736,3696169,-,25996.32057,26156.64621,rrsC-gltU-rrlC-rrfC
1759,hdfR,3689782,3690674,+,2.254454273,1.963253823,hdfR
1760,ilvLXG_1G_2MEDA,3680818,3687584,-,1.420830938,0.740791695,ilvLXG_1G_2MEDA
1761,ilvLXG_1G_2MEDA,3680680,3687584,-,1.399439892,0.730793463,ilvLXG_1G_2MEDA
1762,ilvL,3687332,3687584,-,2.347088748,3.00010705,ilvL
1763,ilvLXG_1G_2MEDA,3680818,3687512,-,1.435210308,0.748757198,ilvLXG_1G_2MEDA
1764,ilvLXG_1G_2MEDA,3680680,3687512,-,1.413303531,0.73849278,ilvLXG_1G_2MEDA
1765,ilvL,3687332,3687512,-,3.242554826,4.186962587,ilvL
1766,ilvEDA,3680818,3685414,-,0.673524078,0.60235173,ilvEDA
1767,ilvEDA,3680680,3685414,-,0.664107225,0.591806317,ilvEDA
1768,ilvA,3680818,3682567,-,0.355122211,0.338002395,ilvA
1769,ilvA,3680680,3682567,-,0.354773476,0.330875414,ilvA
1770,ilvY,3679936,3680919,+,0.538462581,0.273302398,ilvY
1771,ilvC,3678358,3679890,-,1.689582388,0.583497623,ilvC
1772,ppiC,3677962,3678270,+,4.751970392,1.288480018,ppiC
1773,rep,3675105,3677155,-,1.506186802,0.752200055,rep
1774,trxA,3671713,3672155,-,33.21854892,14.15667821,trxA
1775,trxA,3671713,3672115,-,36.38423181,15.06073004,trxA
1776,rhoL-rho,3670127,3671640,-,52.34903395,17.3023857,rhoL-rho
1777,rhoL,3671468,3671640,-,17.22904068,7.620525683,rhoL
1778,rhoL,3671444,3671640,-,38.76583074,15.46157528,rhoL
1779,rhoL,3671290,3671640,-,75.21921635,29.09057479,rhoL
1780,rhoL,3671063,3671640,-,60.74496983,22.1792151,rhoL
1781,rhoL,3670927,3671640,-,62.75746809,22.00812553,rhoL
1782,rfe-wzzE-wecBC-rffGHC-wecE-wzxE-rffT-wzyE-rffM,3657107,3670002,-,2.392678791,0.533126335,rfe-wzzE-wecBC-rffGHC-wecE-wzxE-rffT-wzyE-rffM
1783,argX-hisR-leuT-proM,3654962,3655438,-,4.512331054,1.364147874,argX-hisR-leuT-proM
1784,aslB,3653610,3655021,-,0.146711437,0.044102288,aslB
1785,glmZ,3651200,3651370,-,47.14918881,42.3625907,glmZ
1786,cyaA,3644104,3647028,-,5.142399307,7.027734824,cyaA
1787,cyaA,3644104,3647012,-,5.149856698,6.982364279,cyaA
1788,cyaA,3644104,3646803,-,5.462961563,7.31570254,cyaA
1789,yifL-dapF-yigA-xerC-yigB,3639904,3643310,-,2.732374709,1.086183346,yifL-dapF-yigA-xerC-yigB
1790,uvrD,3637626,3639895,-,0.934916438,0.406740612,uvrD
1791,uvrD,3637626,3639831,-,0.909544728,0.412247648,uvrD
1792,corA,3635427,3636608,-,5.244651625,3.0210288,corA
1793,yigI,3633079,3633572,+,0.980949314,0.245003709,yigI
1794,pldA,3631967,3632988,-,2.753323448,0.921191971,pldA
1795,recQ,3630040,3631966,-,0.962370772,0.507411582,recQ
1796,metR,3624966,3625939,+,0.324894671,0.039512934,metR
1797,metR,3624948,3625939,+,0.324889391,0.043399311,metR
1798,metE,3622489,3624918,-,0.70502857,0.262722067,metE
1799,ysgA,3621460,3622448,+,1.174903253,5.250648398,ysgA
1800,udp,3620611,3621411,-,118.07824,118.9436018,udp
1801,esrE,3617574,3617824,-,8.755362911,3.637496544,esrE
1802,tatABCD,3613467,3615893,-,8.616252509,4.22699848,tatABCD
1803,tatABC,3614266,3615893,-,11.99500731,6.081957756,tatABC
1804,fre,3610575,3611359,-,5.294655827,2.090961733,fre
1805,fre,3610575,3611317,-,5.411379918,2.065685078,fre
1806,fadBA,3606790,3610193,+,0.650583257,0.225727003,fadBA
1807,pepQ-yigZ-trkH-hemG,3602650,3606655,-,5.568820773,2.407346013,pepQ-yigZ-trkH-hemG
1808,rrsA-ileT-alaT-rrlA-rrfA,3597167,3602563,-,25857.49368,25924.46783,rrsA-ileT-alaT-rrlA-rrfA
1809,rrsA-ileT-alaT-rrlA-rrfA,3597167,3602446,-,26430.29855,26498.8051,rrsA-ileT-alaT-rrlA-rrfA
1810,mobAB,3595773,3596896,+,1.145621838,1.125784598,mobAB
1811,yihD,3595465,3595753,-,2.489987933,6.66003387,yihD
1812,mobAB,3595682,3596896,+,1.059888624,1.045294472,mobAB
1813,srkA-dsbA,3593759,3595411,-,9.014042247,6.110230827,srkA-dsbA
1814,dsbA,3593759,3594425,-,15.47906666,6.311193512,dsbA
1815,yihG,3591151,3592132,+,0.796736513,0.198636459,yihG
1816,polA,3588051,3590862,-,6.522317135,3.890036252,polA
1817,spf,3587796,3587903,-,0.553937912,0.408035279,spf
1818,csrC,3586523,3586766,-,77.13493459,302.259016,csrC
1819,yihI,3585947,3586494,-,5.727459442,7.173813018,yihI
1820,hemN,3584385,3585859,-,2.562858736,2.236457466,hemN
1821,glnLG,3581432,3583933,+,1.162654142,0.480505274,glnLG
1822,glnA,3579696,3581812,+,16.34022612,5.176930578,glnA
1823,glnALG,3579696,3583933,+,8.642462844,2.778957161,glnALG
1824,glnA,3579581,3581812,+,15.51234798,4.929158982,glnA
1825,glnALG,3579581,3583933,+,8.421192952,2.715221049,glnALG
1826,yihXY-dtd-yiiD,3559365,3562254,-,4.791318395,2.798631203,yihXY-dtd-yiiD
1827,rhaD,3543418,3544354,+,0.114966284,0.052110977,rhaD
1828,rhaBAD,3540331,3544354,+,0.049456541,0.03899869,rhaBAD
1829,rhaSR,3538309,3540091,-,0.164835331,0.109962716,rhaSR
1830,rhaT,3537237,3538311,+,0.184931448,0.066410171,rhaT
1831,sodA,3536373,3537043,-,156.415745,11.6078751,sodA
1832,cpxRA,3532117,3534200,+,6.926318307,5.369150239,cpxRA
1833,cpxPQ,3531424,3532017,-,6.979831211,45.22263178,cpxPQ
1834,pfkA,3529289,3530328,-,15.86863889,10.16952282,pfkA
1835,pfkA,3529289,3530280,-,16.33239998,10.34434867,pfkA
1836,cdh,3527073,3527895,-,1.870997372,0.320735578,cdh
1837,tpiA,3526279,3527062,+,24.02047674,31.22218054,tpiA
1838,tpiA,3526234,3527062,+,22.74739114,29.55173804,tpiA
1839,yiiS-uspD,3524082,3524933,-,3.604341376,9.796962902,yiiS-uspD
1840,fpr,3523304,3524076,+,4.644642735,2.617497254,fpr
1841,glpFKX,3519642,3523275,+,41.48981191,1.191102676,glpFKX
1842,rraA,3518445,3518957,+,18.08129315,25.12288774,rraA
1843,menA-rraA,3517405,3518957,+,7.105503028,8.594020001,menA-rraA
1844,menA-rraA,3517397,3518957,+,7.069111207,8.550004533,menA-rraA
1845,hslVU,3515449,3517434,+,7.15642159,9.322424091,hslVU
1846,cytR,3513294,3514371,+,5.871942208,1.084742431,cytR
1847,rpmE,3510578,3510894,-,236.9414682,65.94368287,rpmE
1848,metJ,3509337,3509724,+,8.327158397,5.094836543,metJ
1849,metJ,3509274,3509724,+,7.20687933,4.394827037,metJ
1850,metJ,3509245,3509724,+,6.772368934,4.161751761,metJ
1851,metBL,3505536,3509166,-,0.665391378,0.340001852,metBL
1852,metF,3504297,3505256,-,0.228209096,0.081354131,metF
1853,katG,3501788,3503990,-,4.884373817,5.344406291,katG
1854,ppc,3484613,3487355,+,10.36951621,3.366623968,ppc
1855,argCBH,3479580,3482917,-,0.33040659,0.576253607,argCBH
1856,argE,3482906,3484106,+,2.049527207,1.719858257,argE
1857,argE,3482725,3484106,+,1.798587636,1.56764551,argE
1858,oxyS,3479409,3479517,+,0.381469895,0.350228279,oxyS
1859,oxyR,3478396,3479345,-,3.653659013,1.988654557,oxyR
1860,sthA,3477001,3478412,+,18.3414874,4.664679383,sthA
1861,trmA,3474508,3475665,+,3.789953721,2.550002922,trmA
1862,btuB-murI,3471518,3474403,-,4.680685897,1.032831398,btuB-murI
1863,rrsB-gltT-rrlB-rrfB,3466000,3471435,-,25239.92779,25661.10387,rrsB-gltT-rrlB-rrfB
1864,rrsB-gltT-rrlB-rrfB,3465841,3471435,-,24522.78302,24931.99102,rrsB-gltT-rrlB-rrfB
1865,rrsB-gltT-rrlB-rrfB,3466000,3471318,-,25794.93276,26225.43553,rrsB-gltT-rrlB-rrfB
1866,rrsB-gltT-rrlB-rrfB,3465841,3471318,-,25046.36771,25464.37617,rrsB-gltT-rrlB-rrfB
1867,coaA,3462696,3463726,+,4.130243865,1.715181999,coaA
1868,thrU-tyrU-glyT-thrT-tufB,3460618,3462421,-,332.1402434,60.69488287,thrU-tyrU-glyT-thrT-tufB
1869,secE-nusG,3459447,3460625,-,23.45518702,8.191945636,secE-nusG
1870,rplKAJL-rpoBC,3448190,3459448,-,145.8505892,27.66585555,rplKAJL-rpoBC
1871,rplJL-rpoBC,3448190,3458179,-,128.7998409,26.13861006,rplJL-rpoBC
1872,rpoBC,3448190,3456739,-,65.03242917,17.18446363,rpoBC
1873,yjaZ,3447454,3448049,-,0.866274063,0.251528767,yjaZ
1874,sroH,3447316,3447475,+,0.440856149,0.152575552,sroH
1875,rsd,3440944,3441470,+,2.298040662,5.058122209,rsd
1876,rsd,3440849,3441470,+,2.237218149,4.827682443,rsd
1877,hupA,3437202,3437626,-,142.1887655,23.99252872,hupA
1878,zraP,3436091,3436539,+,0.554305894,0.498629315,zraP
1879,zraSR,3433158,3435897,-,0.526034485,0.232365418,zraSR
1880,purHD,3430176,3433160,+,0.241973442,0.169891076,purHD
1881,rrsE-gltV-rrlE-rrfE,3424645,3429939,-,25634.83185,25984.64889,rrsE-gltV-rrlE-rrfE
1882,rrsE-gltV-rrlE-rrfE,3424645,3429831,-,26168.44905,26525.55837,rrsE-gltV-rrlE-rrfE
1883,metA,4218871,4219920,+,0.365583984,0.340025955,metA
1884,metA,4218945,4219920,+,0.375156072,0.340722305,metA
1885,aceBAK,4220114,4225043,+,9.189271411,116.297814,aceBAK
1886,metH,4228217,4232222,+,1.835583606,1.124304907,metH
1887,iclR,4227516,4228363,-,8.648681375,5.515179506,iclR
1888,metH,4228495,4232222,+,1.519756536,0.886476195,metH
1889,yjbB,4232314,4234073,+,0.597816126,0.565019374,yjbB
1890,lysC,4236596,4238250,-,1.676944853,0.269784069,lysC
1891,lysC,4236596,4238327,-,1.602435474,0.257797126,lysC
1892,pgi,4238434,4240118,+,16.96615035,11.89156394,pgi
1893,yjbE,4240570,4240920,+,0.087064833,0.207161221,yjbE
1894,yjbEFGH,4240570,4244441,+,0.053046474,0.149782308,yjbEFGH
1895,yjbEFGH,4240584,4244441,+,0.053238921,0.150325701,yjbEFGH
1896,psiE,4245012,4245446,+,0.177837064,0.595519877,psiE
1897,malEFG,4247251,4251175,-,74.14304069,0.232431505,malEFG
1898,malK-lamB-malM,4251448,4255185,+,105.8756367,0.256756977,malK-lamB-malM
1899,ubiCA,4257155,4258599,+,3.036969643,1.665654853,ubiCA
1900,dgkA,4261169,4261716,+,5.459281779,2.126503146,dgkA
1901,plsB,4258755,4261213,-,2.182113286,1.494240595,plsB
1902,plsB,4258755,4261309,-,2.360609937,1.547882096,plsB
1903,dgkA,4261320,4261716,+,6.810932528,2.326220982,dgkA
1904,lexA-dinF,4261799,4263832,+,4.23709079,0.893947478,lexA-dinF
1905,pspG,4267528,4267793,+,0.226139447,0.413881891,pspG
1906,dnaB,4268995,4270440,+,2.420210163,1.666882336,dnaB
1907,qorA,4267960,4269015,-,3.031927678,14.25324696,qorA
1908,alr,4270301,4271572,+,2.350968416,0.850314483,alr
1909,alr,4270364,4271572,+,2.413652637,0.829335352,alr
1910,tyrB,4271794,4273051,+,3.603583664,0.88297735,tyrB
1911,yjbQR,4274926,4275725,+,6.083390886,25.90385397,yjbQR
1912,uvrA,4275761,4278647,-,1.268110993,2.046208379,uvrA
1913,ssb,4278723,4279372,+,16.84093776,7.94691888,ssb
1914,ssb,4278792,4279372,+,18.81746522,8.881226436,ssb
1915,ssb,4278804,4279372,+,19.21362238,9.068199624,ssb
1916,yjcB,4279472,4279875,-,1.20814436,1.151185559,yjcB
1917,pdeC,4280130,4281768,+,0.106902612,0.598882472,pdeC
1918,soxS,4281772,4282134,-,0.860509561,0.871958225,soxS
1919,soxR,4282159,4282668,+,0.31703306,0.83345951,soxR
1920,ryjA,4282639,4282777,-,0.128904934,13.58732222,ryjA
1921,ghxP,4283033,4284539,+,0.309013507,0.083160681,ghxP
1922,actP,4287965,4289646,-,0.288844006,0.198875196,actP
1923,acs-yjcH-actP,4287965,4292102,-,0.528554082,0.644363239,acs-yjcH-actP
1924,acs-yjcH-actP,4287965,4292306,-,0.543131219,0.646427406,acs-yjcH-actP
1925,nrfABCDEFG,4292383,4298850,+,0.081224724,0.748391246,nrfABCDEFG
1926,fdhF,4301779,4304007,-,0.318348931,0.776459931,fdhF
1927,alsRBACE,4313583,4318931,-,0.500899766,0.203245713,alsRBACE
1928,alsRBACE,4313583,4318936,-,0.500432072,0.203055942,alsRBACE
1929,rpiB,4319057,4319626,+,4.814757025,0.344042497,rpiB
1930,phnCDE_1E_2FGHIJKLMNOP,4320144,4331005,-,0.388536522,0.084120905,phnCDE_1E_2FGHIJKLMNOP
1931,crfC-yjcZ,4332864,4336037,+,0.184114065,0.098936112,crfC-yjcZ
1932,crfC-yjcZ,4332879,4336037,+,0.184988024,0.099405746,crfC-yjcZ
1933,proP,4336120,4337803,+,6.033972486,2.084374004,proP
1934,proP,4336207,4337803,+,6.362480375,2.19450973,proP
1935,adiC,4341494,4343001,-,0.101546789,0.179020714,adiC
1936,adiY,4342968,4343841,-,0.166978265,0.0945734,adiY
1937,adiA,4344010,4346355,-,0.193084211,0.169939185,adiA
1938,melR,4346520,4347449,-,1.37932182,0.760692588,melR
1939,melAB,4347687,4350589,+,0.31366406,0.406815677,melAB
1940,fumB,4351431,4353147,-,0.975517111,0.147461045,fumB
1941,dcuB-fumB,4351431,4354563,-,0.746334348,0.118404917,dcuB-fumB
1942,dcuB-fumB,4351431,4354890,-,0.707134867,0.109906956,dcuB-fumB
1943,dcuR,4355115,4356364,-,3.119184546,1.172381701,dcuR
1944,dcuSR,4355115,4357484,-,2.456589808,1.032473614,dcuSR
1945,ghoST,4358349,4358880,+,0.4352345,0.114686503,ghoST
1946,lysU,4359000,4360596,-,10.37297173,14.62361742,lysU
1947,lysU,4359000,4360604,-,10.32130064,14.5507725,lysU
1948,cadBA,4362270,4365905,-,0.081822273,0.080745234,cadBA
1949,cadC,4366196,4367762,-,0.270631786,0.200234387,cadC
1950,pheU,3110143,3110218,+,0.244005158,0.069398013,pheU
1951,yjdC,4368533,4369129,-,3.299101348,9.782031455,yjdC
1952,cutA,4370818,4371191,-,1.94913656,2.120161194,cutA
1953,dcuA,4371272,4372644,-,7.487251948,3.816576503,dcuA
1954,dcuA,4371272,4372752,-,10.44829331,5.538772086,dcuA
1955,aspA-dcuA,4371272,4374233,-,25.45162524,9.507277942,aspA-dcuA
1956,aspA,4372646,4374233,-,40.98532499,14.42799775,aspA
1957,fxsA,4374405,4374941,+,1.351394791,2.257473192,fxsA
1958,groSL,4376418,4378472,+,103.8275344,85.9919783,groSL
1959,groL,4376585,4378472,+,111.3709603,91.90729106,groL
1960,groL,4376675,4378472,+,114.0060368,94.04453186,groL
1961,groL,4376778,4378472,+,115.4239846,95.39110835,groL
1962,yjeI,4378563,4378963,+,14.20501278,5.882942637,yjeI
1963,efp,4381369,4382066,+,37.24434241,12.50491322,efp
1964,ecnB,4382311,4382532,+,2.230000474,13.52744787,ecnB
1965,sugE,4382596,4382993,+,1.375779429,4.740974833,sugE
1966,blc,4382991,4383546,-,1.532314261,5.736042253,blc
1967,ampC,4383585,4384804,-,0.706959617,0.478715094,ampC
1968,frdABCD,4384768,4388213,-,8.781158078,3.819778594,frdABCD
1969,epmA,4388420,4389421,+,1.827931767,0.434605156,epmA
1970,psd-mscM,4391849,4396439,-,2.085256606,1.157959651,psd-mscM
1971,glyVXY,4398115,4398459,+,3.514134899,7.385137902,glyVXY
1972,yjeV,4398538,4398746,+,0.604508246,0.366510212,yjeV
1973,yjeF-tsaE-amiB-mutL-miaA-hfq-hflXKC,4399479,4410105,+,11.47515788,6.903160044,yjeF-tsaE-amiB-mutL-miaA-hfq-hflXKC
1974,yjeF-tsaE-amiB-mutL-miaA-hfq-hflXKC,4399739,4410105,+,11.70633223,6.919297984,yjeF-tsaE-amiB-mutL-miaA-hfq-hflXKC
1975,yjeF-tsaE-amiB-mutL-miaA-hfq-hflXKC,4399837,4410105,+,11.79073249,6.944565648,yjeF-tsaE-amiB-mutL-miaA-hfq-hflXKC
1976,queG,4398730,4399893,-,1.741266021,3.366777079,queG
1977,mutL-miaA-hfq-hflXKC,4402848,4410105,+,16.39437443,8.784181615,mutL-miaA-hfq-hflXKC
1978,mutL-miaA-hfq-hflXKC,4402902,4410105,+,16.51474216,8.843186945,mutL-miaA-hfq-hflXKC
1979,miaA-hfq-hflXKC,4404784,4410105,+,21.71900745,11.35839142,miaA-hfq-hflXKC
1980,miaA-hfq-hflXKC,4404854,4410105,+,21.97654204,11.48334578,miaA-hfq-hflXKC
1981,hfq-hflXKC,4405603,4410105,+,23.98896623,12.20827177,hfq-hflXKC
1982,hfq-hflXKC,4406022,4410105,+,23.01803798,11.47076655,hfq-hflXKC
1983,purA,4410466,4411786,+,24.4374526,16.01970337,purA
1984,nsrR-rnr-rlmB-yjfI,4411846,4416335,+,3.83961313,2.62561772,nsrR-rnr-rlmB-yjfI
1985,aidB,4420049,4421701,+,0.150658168,7.659471918,aidB
1986,bsmA,4422243,4422670,-,3.384070394,3.332280239,bsmA
1987,ulaG,4424363,4425476,-,0.476179547,0.165053186,ulaG
1988,ulaABCDEF,4425729,4430187,+,0.304893363,0.201171501,ulaABCDEF
1989,rpsF-priB-rpsR-rplI,4430827,4432358,+,173.295193,29.84969514,rpsF-priB-rpsR-rplI
1990,ytfB,4433881,4434620,-,6.000306681,3.902227786,ytfB
1991,cycA,4435582,4437077,+,2.180894968,1.312276306,cycA
1992,ytfE,4437123,4437810,-,0.374756808,0.246962166,ytfE
1993,cpdB,4440424,4442430,-,1.947026824,0.677809126,cpdB
1994,ytfJ,4444510,4445087,-,6.289188697,4.634681977,ytfJ
1995,ytfK,4445313,4445594,+,8.226856843,23.91273399,ytfK
1996,msrA,4447340,4448062,-,2.696022109,4.066223299,msrA
1997,yzfA,4453778,4454095,-,5.351791639,6.54322706,yzfA
1998,chpSB,4454204,4454843,+,1.743840628,1.015828895,chpSB
1999,chpSB,4454230,4454843,+,1.786410719,1.058774507,chpSB
2000,ppa,4454924,4455487,-,105.2392982,30.26424447,ppa
2001,mpl,4461530,4462959,+,4.139186446,1.677786951,mpl
2002,mpl,4461562,4462959,+,4.233864049,1.71289687,mpl
2003,pmbA,4463747,4465112,+,2.651058553,2.734310211,pmbA
2004,nrdDG,4465702,4468639,-,6.577470505,1.383693265,nrdDG
2005,treBC,4468856,4472011,-,84.1338279,0.506563423,treBC
2006,treR,4472086,4473072,-,0.66987761,0.430119852,treR
2007,treR,4472086,4473076,-,0.66717649,0.428385498,treR
2008,treR,4472086,4473080,-,0.664497067,0.426665074,treR
2009,mgtLA,4473082,4476122,+,3.950263976,0.284291307,mgtLA
2010,treR,4472086,4473148,-,0.622029209,0.40441923,treR
2011,mgtLA,4473165,4476122,+,4.057003004,0.290459787,mgtLA
2012,ridA,4476329,4476747,-,37.95208605,28.65231606,ridA
2013,pyrLBI,4478228,4478354,-,0.518709344,0.675514155,pyrLBI
2014,pyrLBI,4478228,4478546,-,0.247398842,0.564878593,pyrLBI
2015,bdcA,4479142,4479865,-,0.35958845,0.192609013,bdcA
2016,argI,4483109,4484145,-,0.052730753,0.076729023,argI
2017,rraB,4484186,4484690,+,25.00232083,17.38039978,rraB
2018,rraB,4484247,4484690,+,28.42960526,19.76288155,rraB
2019,valS,4486734,4489720,-,10.13973487,5.082414475,valS
2020,valS,4486734,4489728,-,10.11265947,5.068843275,valS
2021,holC-valS,4486784,4490074,-,9.416264187,4.754527055,holC-valS
2022,pepA,4490242,4491902,-,8.103959961,5.365710323,pepA
2023,pepA,4490242,4491913,-,8.050676303,5.330430698,pepA
2024,pepA,4490242,4491940,-,8.037080819,5.312188132,pepA
2025,idnR,4495943,4496983,-,0.597241944,0.20739944,idnR
2026,idnDOTR,4495943,4500236,-,0.339637663,0.108815778,idnDOTR
2027,idnK,4500399,4500987,+,0.347254223,0.091016497,idnK
2028,leuX,4502188,4502290,+,0.056181349,0,leuX
2029,yjhBC,4509822,4512206,+,1.209539562,0.350225526,yjhBC
2030,fecABCDE,4516492,4522528,-,2.005296636,0.204043128,fecABCDE
2031,fecIR,4522566,4524083,-,1.144979943,0.407151626,fecIR
2032,ryjB,4533779,4533867,+,0.273680638,0.161861495,ryjB
2033,nanCM,4543461,4545729,-,1.570318195,0.182776985,nanCM
2034,nanCMS,4542416,4545729,-,1.343792735,0.169441534,nanCMS
2035,fimB,4546469,4547360,+,2.096094817,0.506730049,fimB
2036,fimB,4546611,4547360,+,2.483923109,0.602543188,fimB
2037,fimE,4547673,4548703,+,0.088395546,0.134723301,fimE
2038,fimAICDFGH,4548496,4555511,+,0.805274683,0.842208965,fimAICDFGH
2039,gntP,4555724,4557135,-,0.233676616,0.059727755,gntP
2040,uxuAB,4557320,4560162,+,2.560565394,0.40667783,uxuAB
2041,uxuR,4560260,4561150,+,1.459726024,0.725342302,uxuR
2042,ytiCD-idlP-iraD,4562378,4563186,+,0.210178489,3.196198666,ytiCD-idlP-iraD
2043,idlP-iraD,4562658,4563186,+,0.321216181,4.026080964,idlP-iraD
2044,symR,4585637,4585712,+,0,0,symR
2045,symE,4585301,4585718,-,0.346640729,0.140518439,symE
2046,btsT,4594931,4597168,-,41.210033,0.147480174,btsT
2047,tsr,4597214,4599113,+,0.14635992,0.14650701,tsr
2048,tsr,4597435,4599113,+,0.158010342,0.151667548,tsr
2049,lgoR,4600739,4601748,-,0.538167494,0.145362098,lgoR
2050,dnaTC-yjjA,4605422,4607416,-,1.672414082,1.720327024,dnaTC-yjjA
2051,dnaTC,4605941,4607416,-,1.346278294,1.907081107,dnaTC
2052,yjjB-dnaTC-yjjA,4605422,4607978,-,1.355757083,1.398041034,yjjB-dnaTC-yjjA
2053,yjjB-dnaTC,4605941,4607978,-,1.038911796,1.451287405,yjjB-dnaTC
2054,yjjP,4607890,4608835,-,0.206511771,0.19296415,yjjP
2055,yjjQ-bglJ,4609121,4610638,+,0.383655849,0.237363291,yjjQ-bglJ
2056,fhuF,4610677,4611495,-,8.904492119,4.131473579,fhuF
2057,fhuF,4610677,4611553,-,8.316268266,3.858551634,fhuF
2058,yjjZ,4611579,4611841,+,1.028210193,0.655620248,yjjZ
2059,leuQPV,4611881,4612233,-,1.975119424,0.719236662,leuQPV
2060,holD-rimI-yjjG,4613583,4615124,+,2.366011074,1.994659187,holD-rimI-yjjG
2061,osmY,4616955,4617802,+,4.630234996,56.60768108,osmY
2062,deoCABD,4622481,4627460,+,21.71156731,24.46122723,deoCABD
2063,deoCABD,4623080,4627460,+,24.27420964,27.52001708,deoCABD
2064,deoBD,4625369,4627460,+,34.8223721,38.28811869,deoBD
2065,ytjB-lplA,4628903,4630600,-,1.33112339,0.900884101,ytjB-lplA
2066,serB-radA,4630658,4633095,+,2.027414112,1.160431006,serB-radA
2067,slt,4636502,4638471,+,1.034937027,1.797252088,slt
2068,trpR,4638506,4638945,+,0.689168098,0.999515046,trpR
2069,creABC,4641045,4643921,+,1.7435758,0.939192885,creABC
2070,rob,4640243,4641154,-,7.618460994,9.009700339,rob
2071,creABCD,4641279,4645373,+,1.297934684,0.777833132,creABCD
2072,creD,4643962,4645373,+,0.318545968,0.379776392,creD
2073,arcA,4645341,4646309,-,37.14012336,45.49767803,arcA
2074,arcA,4645341,4646313,-,37.00015291,45.31560695,arcA
2075,arcA,4645341,4646336,-,36.16451647,44.2901829,arcA
2076,arcA,4645341,4646400,-,34.26845758,42.1055581,arcA
2077,arcA,4645341,4646482,-,31.90560314,39.14391179,arcA
2078,arcA,4645341,4646489,-,31.71139512,38.9056445,arcA
2079,arcA,4645341,4646602,-,28.88877429,35.42839397,arcA
2080,gltI-sroC-gltJKL,686074,689290,-,3.046028561,2.227701583,gltI-sroC-gltJKL
2081,garD,3276259,3277829,+,0.265305859,0.301265445,garD
2082,gudPXD,2917823,2921877,-,0.114916107,0.130612272,gudPXD
2083,pdxA-rsmA-apaGH,50380,53415,-,5.285092111,3.817769139,pdxA-rsmA-apaGH
2084,pdxA-rsmA,51609,53415,-,6.864099548,3.950171809,pdxA-rsmA
2085,ccmABCDEFGH,2295814,2302099,-,0.264446721,0.27399437,ccmABCDEFGH
2086,fimB,4546759,4547360,+,2.653761067,0.616769121,fimB
2087,surA-pdxA-rsmA-apaGH,50380,54701,-,7.721805624,4.776223688,surA-pdxA-rsmA-apaGH
2088,ldcC,209679,211819,+,0.767669591,2.740877328,ldcC
2089,gatR_2,2174654,2174991,-,4.07876024,0.83960683,gatR_2
2090,rtcR,4081672,4083269,-,0.224803783,0.05541455,rtcR
2091,rplL,3456878,3457242,-,532.2876688,81.93026883,rplL
2092,allR,532235,533049,+,4.062330812,39.20036073,allR
2093,yjcS,4309213,4311197,-,0.0302157,0.016971538,yjcS
2094,fliDST,2007131,2009336,+,0.230273718,0.105459105,fliDST
2095,yhiL,4007079,4008316,+,0.01987995,0.053226427,yhiL
2096,yffB-dapE-ypfN,2591025,2592739,+,6.162488922,2.010040809,yffB-dapE-ypfN
2097,hypF,2834951,2837202,-,0.168112188,0.166469527,hypF
2098,dcd,2144893,2145473,-,5.90075028,2.067497807,dcd
2099,trkA,4203644,4205019,-,3.514072826,3.273882105,trkA
2100,yehS,2216182,2216651,-,6.71558773,2.513488444,yehS
2101,mnmA,1195366,1196471,-,4.216061269,3.386467108,mnmA
2102,yfcD,2425202,2425743,-,5.65566664,3.403470328,yfcD
2103,hda,2617853,2618553,-,3.638636986,1.940965448,hda
2104,folX-yfcH,2427893,2429168,+,8.578221673,3.969206139,folX-yfcH
2105,fumE-yggC,3073754,3074972,-,2.104418452,1.161153879,fumE-yggC
2106,tsaB-yeaY,1892787,1894102,-,3.936007068,2.113692762,tsaB-yeaY
2107,yfhL,2699441,2699700,+,1.022761635,0.508254002,yfhL
2108,deoR,883520,884277,-,1.957995056,0.873477925,deoR
2109,yacG,111649,111845,-,3.742099953,1.206750981,yacG
2110,ydeQ,1589656,1590569,-,0.032305692,0.004994978,ydeQ
2111,yfcE,2425802,2426355,-,3.985427538,2.363350723,yfcE
2112,aspU,228928,229003,+,23.65521945,4.560796694,aspU
2113,pgsA,1995528,1996075,-,4.735778672,2.105069094,pgsA
2114,pdxY,1717862,1718724,-,5.120401218,1.519917419,pdxY
2115,yhfK,4152645,4154746,-,3.014516763,1.431142949,yhfK
2116,insN-2,4512999,4513264,+,1.443076513,0.385438718,insN-2
2117,yegW,2186491,2187236,-,1.189424015,0.411951771,yegW
2118,pspE,1372525,1372838,+,7.225386009,4.774372533,pspE
2119,yajO,436385,437358,-,2.36480934,11.09749209,yajO
2120,nrdG,4465702,4466165,-,1.647233006,0.20560564,nrdG
2121,fucR,2939146,2939876,+,2.540195182,2.678352237,fucR
2122,aceK,4223308,4225043,+,1.890965244,46.3465855,aceK
2123,yadC,149715,150952,-,0.107634056,0.082302455,yadC
2124,glxK,541112,542256,+,0.063659613,0.106283461,glxK
2125,gcvP,3045904,3048818,-,10.8262369,3.519363394,gcvP
2126,rrfG,228756,228874,+,275.1862064,450.4056962,rrfG
2127,cysH,2887356,2888089,-,0.164331852,5.043572821,cysH
2128,argQ,2817562,2817637,-,5.895082392,0.724139096,argQ
2129,cadA,4362270,4364416,-,0.127074651,0.123398212,cadA
2130,csgC,1106324,1106655,+,0.073372695,0.048140964,csgC
2131,ybjN,894501,894976,+,6.123540784,4.473731427,ybjN
2132,dhaM,1250395,1251812,-,20.45747153,1.511749295,dhaM
2133,ubiX,2434598,2435193,-,1.453943606,0.841345754,ubiX
2134,yjfKLMC,4417104,4419992,+,0.066822814,0.036656076,yjfKLMC
2135,yjiXA,4593711,4594880,-,16.81668881,1.39016591,yjiXA
2136,rfbACX,2111596,2114277,-,8.587537559,1.191022057,rfbACX
2137,rrlH-rrfH,225759,228874,+,30929.80564,27586.10498,rrlH-rrfH
2138,waaZU,3841341,3843297,+,0.899057425,0.488535837,waaZU
2139,rrlB-rrfB,3466000,3469161,-,30760.57505,27780.14887,rrlB-rrfB
2140,rrlB-rrfB,3465841,3469161,-,29288.29178,26450.51501,rrlB-rrfB
2141,caiCDE,34781,37823,-,0.135366629,0.077106646,caiCDE
2142,rrlE-rrfE,4214755,4217870,+,31179.26235,27719.91831,rrlE-rrfE
2143,nuoMN,2395797,2398832,-,8.820320965,1.952080558,nuoMN
2144,mreCD,3399364,3400954,-,3.000815117,1.413574462,mreCD
2145,rrlA-rrfA,3597167,3600283,-,32090.15295,28505.1808,rrlA-rrfA
2146,ykfGH-yafW-ykfI,262552,263955,-,0.644773317,0.220487142,ykfGH-yafW-ykfI
2147,glcBA,3119375,3123582,-,0.589393417,0.565885876,glcBA
2148,deoABD,4624031,4627403,+,26.43490429,30.98706036,deoABD
2149,menDHBCE,2379440,2385050,-,1.286665724,0.987144741,menDHBCE
2150,yaiA-aroM,406203,407328,+,2.342632012,6.98913552,yaiA-aroM
2151,alsBACE,4313583,4317841,-,0.258677884,0.078343195,alsBACE
2152,tyrV-tpr,1289708,1290026,-,2.646704206,0.645964557,tyrV-tpr
2153,pspBCDE,1371637,1372838,+,2.591881556,4.379368571,pspBCDE
2154,tdcBCDEFG,3258063,3262254,-,0.420023849,0.125999046,tdcBCDEFG
2155,phnLMNOP,4320144,4323694,-,0.17582989,0.069938437,phnLMNOP
2156,yjiT,4578216,4579732,+,3.302088184,0.32814948,yjiT
2157,glnW-metU-glnVX,697936,698373,-,13.22079682,1.850738573,glnW-metU-glnVX
2158,yafU,238746,239083,-,0.072658577,0,yafU
2159,yehR,2215681,2216141,+,0.221946041,0.177082964,yehR
2160,ydeO,1585762,1586522,-,0.008381124,0.032346117,ydeO
2161,yiaA,3914176,3914612,+,0.056630047,0.031873166,yiaA
2162,yccE,1065580,1066835,+,0.019595272,0.023178257,yccE
2163,yrdA,4211748,4212301,-,8.10531474,10.898637,yrdA
2164,yjhIHG,4527929,4531604,-,0.354845784,0.238335677,yjhIHG
2165,ypjM_1M_2,2772614,2772935,-,0.351954287,0.028556928,ypjM_1M_2
2166,yrfG-hslR,4111789,4112868,-,4.410348459,4.336586404,yrfG-hslR
2167,yibA,3874358,3875199,-,0.325870498,1.092541399,yibA
2168,casDE12,2878347,2880825,-,0.370652209,0.141850175,casDE12
2169,osmF-yehYXW,2220201,2223936,-,0.293856315,0.923346626,osmF-yehYXW
2170,hspQ,1029948,1030264,-,10.21307483,95.93661734,hspQ
2171,hfq-hflXKC,4406090,4410105,+,22.56533944,11.27735769,hfq-hflXKC
2172,tsaE-amiB-mutL-miaA-hfq-hflXKC,4401387,4410105,+,13.77529973,7.560269434,tsaE-amiB-mutL-miaA-hfq-hflXKC
